{"device":{"systemVersion":"16.0.3","systemName":"iOS","model":"iPhone","name":"iPhone"},"samples":[{"sample":{"totalWords":8,"deleteTouchDownUp":{"distributionSampleValues":[0,0],"unitSymbol":"s"},"totalTaps":26,"charKeyToAnyTapKey":{"distributionSampleValues":[0.08999999612569809,0.070000000298023224,0.14000000059604645,0.11999999731779099,0.059999998658895493,0.34999999403953552,0.10999999940395355,0.20999999344348907,0.17999999225139618,0.17999999225139618,0.14999999105930328,0.10999999940395355,0.070000000298023224],"unitSymbol":"s"},"totalAutoCorrections":0,"longWordDownErrorDistance":[],"totalTranspositionCorrections":0,"totalSpaceCorrections":0,"spaceDownErrorDistance":{"distributionSampleValues":[61.55999755859375,76.099998474121094],"unitSymbol":"mm"},"totalTypingDuration":5,"planeChangeToAnyTap":{"distributionSampleValues":[0.37000000476837158,0.4699999988079071],"unitSymbol":"s"},"totalEmojis":0,"sentimentMetrics":{"emojiCount":[9,0,3,0,2,0,0,0,4,0,8,0,6,0,7,0,5,0,1,0],"wordCount":[4,0,3,0,2,0,1,0,9,0,5,0,6,0,7,0,0,0,8,0]},"pathTypingSpeed":5.5450310818199622,"upErrorDistance":{"distributionSampleValues":[21.920000076293945,6.0199999809265137,9.1799993515014648,20.260000228881836,23.039999008178711,5.0999999046325684,21.479999542236328,20.35999870300293,12.019999504089355,6.7199997901916504,26.420000076293945,15.439999580383301,24.840000152587891,13.59999942779541,20.899999618530273,19.139999389648438,18.600000381469727,61.55999755859375,76.099998474121094,21.920000076293945,4.0399999618530273,23.5,7.8199996948242188,8.0599994659423828],"unitSymbol":"mm"},"totalPaths":2,"longWordTouchDownDown":[],"spaceToCharKey":{"distributionSampleValues":[0.17000000178813934,0.2800000011920929],"unitSymbol":"s"},"anyTapToCharKey":{"distributionSampleValues":[0.17999999225139618,0.25,0.070000000298023224,0.20999999344348907,0.10999999940395355,0.14999999105930328,0.070000000298023224,0.059999998658895493,0.10999999940395355,0.17000000178813934,0.14000000059604645,0.2800000011920929,0.17999999225139618],"unitSymbol":"s"},"totalSubstitutionCorrections":0,"longWordUpErrorDistance":[],"totalInsertKeyCorrections":0,"charKeyToDelete":{"distributionSampleValues":[0.34999999403953552],"unitSymbol":"s"},"totalNearKeyCorrections":0,"totalHitTestCorrections":0,"inputModes":["en_CA"],"shortWordCharKeyTouchDownUp":{"distributionSampleValues":[0.079999998211860657,0.070000000298023224,0.079999998211860657,0.08999999612569809,0.070000000298023224,0,0.059999998658895493,0.059999998658895493,0.070000000298023224,0.059999998658895493,0.070000000298023224,0.070000000298023224,0.039999999105930328,0.08999999612569809,0.079999998211860657,0.049999997019767761],"unitSymbol":"s"},"touchDownUp":{"distributionSampleValues":[0.079999998211860657,0.070000000298023224,0.049999997019767761,0.070000000298023224,0.059999998658895493,0.059999998658895493,0.070000000298023224,0.08999999612569809,0.059999998658895493,0.079999998211860657,0.079999998211860657,0,0.059999998658895493,0.049999997019767761,0.039999999105930328,0.059999998658895493,0.08999999612569809,0,0.049999997019767761,0.070000000298023224,0.039999999105930328,0.059999998658895493,0,0.070000000298023224],"unitSymbol":"s"},"totalRetroCorrections":0,"deleteToCharKey":{"distributionSampleValues":[0.25],"unitSymbol":"s"},"totalTypingEpisodes":4,"touchDownDown":{"distributionSampleValues":[0.20999999344348907,0.25,0.059999998658895493,0.12999999523162842,0.17999999225139618,0.17000000178813934,0.10999999940395355,0.22999998927116394,0.08999999612569809,0.17999999225139618,0.10999999940395355,0.070000000298023224,0.070000000298023224,0.14999999105930328,0.34999999403953552,0.2800000011920929,0.11999999731779099,0.14000000059604645,0.37000000476837158],"unitSymbol":"s"},"totalPathPauses":0,"totalDrags":0,"height":{"value":33.814723418534165,"unit":{"converter":{"constant":0,"coefficient":0.001},"symbol":"mm"}},"charKeyToPlaneChangeKey":{"distributionSampleValues":[0.25999999046325684],"unitSymbol":"s"},"spaceUpErrorDistance":{"distributionSampleValues":[61.55999755859375,76.099998474121094],"unitSymbol":"mm"},"shortWordCharKeyDownErrorDistance":{"distributionSampleValues":[20.899999618530273,4.0399999618530273,5.0999999046325684,20.35999870300293,18.600000381469727,8.0599994659423828,19.139999389648438,28.19999885559082,15.439999580383301,24.840000152587891,21.479999542236328,6.0199999809265137,12.019999504089355,18.920000076293945,7.8199996948242188,9.1799993515014648],"unitSymbol":"mm"},"deleteUpErrorDistance":{"distributionSampleValues":[21.920000076293945,21.920000076293945],"unitSymbol":"mm"},"keyboardIdentifier":"aaf420635930ad702ab3905b494d3d78d1a4de9e","totalDeletes":2,"totalPathTime":1,"totalAlteredWords":1,"deleteDownErrorDistance":{"distributionSampleValues":[21.920000076293945,21.920000076293945],"unitSymbol":"mm"},"pathToSpace":{"distributionSampleValues":[0.08999999612569809,0.11999999731779099],"unitSymbol":"s"},"longWordTouchDownUp":[],"typingSpeed":5.6459153852155746,"totalPauses":0,"anyTapToPlaneChangeKey":{"distributionSampleValues":[0.25999999046325684],"unitSymbol":"s"},"deleteToDeletes":[],"version":"v.1.0","spaceTouchDownUp":{"distributionSampleValues":[0.059999998658895493,0.059999998658895493],"unitSymbol":"s"},"charKeyToSpaceKey":{"distributionSampleValues":[0.08999999612569809,0.11999999731779099],"unitSymbol":"s"},"pathToPath":{"distributionSampleValues":[0.25],"unitSymbol":"s"},"totalSkipTouchCorrections":0,"shortWordCharKeyToCharKey":{"distributionSampleValues":[0.059999998658895493,0.14000000059604645,0.17999999225139618,0.14999999105930328,0.20999999344348907,0.10999999940395355,0.070000000298023224,0.10999999940395355,0.17999999225139618,0.070000000298023224],"unitSymbol":"s"},"width":{"value":63.889569592622159,"unit":{"converter":{"constant":0,"coefficient":0.001},"symbol":"mm"}},"pathErrorDistanceRatio":[0.95450001955032349,0.97050005197525024],"totalPathLength":{"value":1165,"unit":{"converter":{"constant":0,"coefficient":0.001},"symbol":"mm"}},"shortWordCharKeyUpErrorDistance":{"distributionSampleValues":[18.600000381469727,5.0999999046325684,19.139999389648438,9.1799993515014648,20.899999618530273,6.0199999809265137,20.35999870300293,15.439999580383301,12.019999504089355,4.0399999618530273,23.5,23.039999008178711,7.8199996948242188,21.479999542236328,24.840000152587891,8.0599994659423828],"unitSymbol":"mm"}},"timestamp":"2022-10-26T15:02:15-0400"}]}