{"device":{"systemVersion":"16.0.2","systemName":"iOS","model":"iPhone","name":"iPhone"},"samples":[{"sample":{"totalWords":12,"totalTaps":49,"charKeyToAnyTapKey":{"distributionSampleValues":[0.059999998658895493,0.15999999642372131,0.17999999225139618,0.14999999105930328,0.15999999642372131,0.14000000059604645,0.039999999105930328,0.10999999940395355,0.17000000178813934,0.2199999988079071,0.12999999523162842,0.17000000178813934,0.099999994039535522,0.2199999988079071,0.15999999642372131,0.17999999225139618,0.079999998211860657,0.079999998211860657,0.2199999988079071,0.11999999731779099,0.14999999105930328,0.099999994039535522,0.19999998807907104,0.14000000059604645,0.08999999612569809,0.0099999997764825821,0.17000000178813934,0.19999998807907104,0.14999999105930328,0.17000000178813934],"unitSymbol":"s"},"totalAutoCorrections":2,"longWordDownErrorDistance":[],"totalTranspositionCorrections":0,"totalSpaceCorrections":0,"spaceDownErrorDistance":{"distributionSampleValues":[62.180000305175781,69.599998474121094,83.580001831054688,60.5,48.619998931884766,74.180000305175781,53.680000305175781,82.299995422363281],"unitSymbol":"mm"},"totalTypingDuration":10,"planeChangeToAnyTap":{"distributionSampleValues":[0.18999999761581421,0.15999999642372131],"unitSymbol":"s"},"totalEmojis":0,"sentimentMetrics":{"emojiCount":[7,0,4,0,1,0,3,0,5,0,9,0,2,0,8,0,0,0,6,0],"wordCount":[8,0,0,0,4,0,3,0,2,0,5,0,9,0,7,0,6,0,1,0]},"pathTypingSpeed":0,"upErrorDistance":{"distributionSampleValues":[31.679998397827148,19.020000457763672,11.340000152587891,17.19999885559082,11.5,6.679999828338623,3.9800000190734863,4.9200000762939453,9.119999885559082,11.019999504089355,69.599998474121094,19.439998626708984,19.35999870300293,11.340000152587891,6.5,15.859999656677246,60.5,2.0399999618530273,82.299995422363281,22.239999771118164,21.879999160766602,14.039999961853027,48.619998931884766,9.7799997329711914,5.059999942779541,5.5399999618530273,19.959999084472656,8.7399997711181641,7.4600000381469727,8.1399993896484375,71.099998474121094,53.680000305175781,8.8000001907348633,9.1399993896484375,8.3400001525878906,8.880000114440918,74.180000305175781,83.580001831054688,11.340000152587891,14.619999885559082,6.2999997138977051,4.6399998664855957,17.159999847412109,16.739999771118164],"unitSymbol":"mm"},"totalPaths":0,"longWordTouchDownDown":[],"spaceToCharKey":{"distributionSampleValues":[0.17999999225139618,0.14000000059604645,0.18999999761581421,0.2199999988079071,0.17999999225139618,4.1700000762939453,0.18999999761581421,0.070000000298023224],"unitSymbol":"s"},"anyTapToCharKey":{"distributionSampleValues":[4.1700000762939453,0.070000000298023224,0.18999999761581421,0.18999999761581421,0.17999999225139618,0.2199999988079071,0.079999998211860657,0.14000000059604645,0.08999999612569809,0.2199999988079071,0.17000000178813934,0.2199999988079071,0.14000000059604645,0.17999999225139618,0.059999998658895493,0.17999999225139618,0.10999999940395355,0.2199999988079071,0.15999999642372131,0.17999999225139618,0.099999994039535522,0.19999998807907104,0.14999999105930328,0.15999999642372131,0.0099999997764825821,0.12999999523162842,0.17000000178813934,0.15999999642372131,0.099999994039535522,0.14999999105930328],"unitSymbol":"s"},"totalSubstitutionCorrections":0,"longWordUpErrorDistance":[],"totalInsertKeyCorrections":0,"totalNearKeyCorrections":3,"totalHitTestCorrections":0,"inputModes":["en_GB"],"shortWordCharKeyTouchDownUp":{"distributionSampleValues":[0.049999997019767761,0,0.059999998658895493,0.099999994039535522,0.059999998658895493,0.049999997019767761,0.079999998211860657,0.059999998658895493,0.08999999612569809,0.070000000298023224,0,0.039999999105930328,0.059999998658895493,0.079999998211860657,0.070000000298023224,0.070000000298023224,0.070000000298023224,0.070000000298023224,0.08999999612569809,0.059999998658895493,0.070000000298023224,0,0,0.070000000298023224,0.079999998211860657,0.079999998211860657,0.070000000298023224,0.059999998658895493,0.059999998658895493,0.10999999940395355,0.070000000298023224,0.059999998658895493,0.079999998211860657,0.070000000298023224],"unitSymbol":"s"},"touchDownUp":{"distributionSampleValues":[0.079999998211860657,0.059999998658895493,0.08999999612569809,0.070000000298023224,0.059999998658895493,0.08999999612569809,0.070000000298023224,0.10999999940395355,0,0.079999998211860657,0.08999999612569809,0.079999998211860657,0.059999998658895493,0.070000000298023224,0.070000000298023224,0.049999997019767761,0.070000000298023224,0.049999997019767761,0.059999998658895493,0.079999998211860657,0.070000000298023224,0.070000000298023224,0.070000000298023224,0,0.070000000298023224,0.049999997019767761,0.070000000298023224,0.070000000298023224,0.059999998658895493,0.079999998211860657,0.059999998658895493,0.059999998658895493,0.070000000298023224,0,0.070000000298023224,0.049999997019767761,0,0.099999994039535522,0.10999999940395355,0.070000000298023224,0.059999998658895493,0.070000000298023224,0.039999999105930328,0.070000000298023224],"unitSymbol":"s"},"totalRetroCorrections":0,"totalTypingEpisodes":3,"totalPathPauses":0,"touchDownDown":{"distributionSampleValues":[0.099999994039535522,0.14999999105930328,0.17999999225139618,0.10999999940395355,0.14000000059604645,0.12999999523162842,0.039999999105930328,0.17999999225139618,0.14999999105930328,0.17000000178813934,0.14999999105930328,0.19999998807907104,0.17999999225139618,0.15999999642372131,0.17000000178813934,0.2199999988079071,0.15999999642372131,0.070000000298023224,0.079999998211860657,0.2199999988079071,0.19999998807907104,0.11999999731779099,0.18999999761581421,0.099999994039535522,0.08999999612569809,0.0099999997764825821,0.18999999761581421,0.17000000178813934,0.079999998211860657,0.14000000059604645,0.17000000178813934,0.2199999988079071,0.17999999225139618,0.14000000059604645,4.1700000762939453,0.15999999642372131,0.059999998658895493,0.2199999988079071],"unitSymbol":"s"},"totalDrags":0,"height":{"value":34.45565165644107,"unit":{"converter":{"constant":0,"coefficient":0.001},"symbol":"mm"}},"charKeyToPlaneChangeKey":{"distributionSampleValues":[0.28999999165534973,0.22999998927116394],"unitSymbol":"s"},"spaceUpErrorDistance":{"distributionSampleValues":[48.619998931884766,83.580001831054688,69.599998474121094,53.680000305175781,71.099998474121094,82.299995422363281,60.5,74.180000305175781],"unitSymbol":"mm"},"shortWordCharKeyDownErrorDistance":{"distributionSampleValues":[6.679999828338623,2.0399999618530273,21.879999160766602,8.7399997711181641,3.9800000190734863,14.619999885559082,9.119999885559082,11.340000152587891,19.35999870300293,11.019999504089355,8.8000001907348633,9.7799997329711914,9.1399993896484375,11.340000152587891,6.2999997138977051,14.039999961853027,4.9200000762939453,5.5399999618530273,8.1399993896484375,8.880000114440918,11.340000152587891,11.5,31.679998397827148,19.439998626708984,22.239999771118164,5.059999942779541,4.6399998664855957,15.859999656677246,19.959999084472656,6.5,17.159999847412109,16.739999771118164,17.19999885559082,8.3400001525878906],"unitSymbol":"mm"},"keyboardIdentifier":"96bfd07d8841f66f65b3c6836720a2b7fdfc97","totalDeletes":0,"totalPathTime":0,"totalAlteredWords":0,"pathToSpace":{"distributionSampleValues":[0.17000000178813934,0.079999998211860657,0.14999999105930328,0.17000000178813934,0.19999998807907104,0.11999999731779099,0.039999999105930328,0.14000000059604645],"unitSymbol":"s"},"longWordTouchDownUp":[],"typingSpeed":4.1539265457046755,"totalPauses":0,"anyTapToPlaneChangeKey":{"distributionSampleValues":[0.48999997973442078,0.22999998927116394,0.28999999165534973],"unitSymbol":"s"},"deleteToDeletes":[],"version":"v.1.0","spaceTouchDownUp":{"distributionSampleValues":[0.070000000298023224,0.070000000298023224,0.049999997019767761,0.10999999940395355,0.070000000298023224,0.08999999612569809,0.070000000298023224,0.049999997019767761],"unitSymbol":"s"},