{"device":{"systemVersion":"16.0.2","systemName":"iOS","model":"iPhone","name":"iPhone"},"samples":[{"sample":{"totalWords":15,"totalTaps":65,"charKeyToAnyTapKey":{"distributionSampleValues":[0.070000000298023224,0.11999999731779099,0.11999999731779099,0.17000000178813934,0.070000000298023224,0.059999998658895493,0.17000000178813934,0.2199999988079071,0.17999999225139618,0.059999998658895493,0.079999998211860657,0.079999998211860657,0.039999999105930328,0.11999999731779099,0.070000000298023224,0.11999999731779099,0.059999998658895493,0.11999999731779099,0.11999999731779099,0.070000000298023224,0.14000000059604645,0.059999998658895493,0.15999999642372131,0.10999999940395355,0.12999999523162842,0.099999994039535522,0.079999998211860657,0.070000000298023224,0.08999999612569809,0.14999999105930328,0.12999999523162842,0.17000000178813934,0.12999999523162842,0.08999999612569809,0.12999999523162842,0.070000000298023224,0.079999998211860657,0.079999998211860657,0.17000000178813934,0.059999998658895493,0.11999999731779099,0.059999998658895493],"unitSymbol":"s"},"totalAutoCorrections":0,"longWordDownErrorDistance":[],"totalTranspositionCorrections":0,"totalSpaceCorrections":0,"spaceDownErrorDistance":{"distributionSampleValues":[76.319999694824219,61,50.139999389648438,69.860000610351562,65.919998168945312,43.099998474121094,60.520000457763672,65.019996643066406,71.439994812011719,68.239997863769531,67.819999694824219,57.5,18.440000534057617,36.680000305175781],"unitSymbol":"mm"},"totalTypingDuration":9,"planeChangeToAnyTap":{"distributionSampleValues":[0.099999994039535522,0.20999999344348907],"unitSymbol":"s"},"totalEmojis":0,"sentimentMetrics":{"emojiCount":[3,0,1,0,2,0,0,0,6,0,4,0,9,0,5,0,8,0,7,0],"wordCount":[6,0,3,0,5,0,8,0,7,0,4,0,2,0,1,0,0,0,9,0]},"pathTypingSpeed":0,"upErrorDistance":{"distributionSampleValues":[14.579999923706055,21.479999542236328,17.020000457763672,3.0399999618530273,5.4000000953674316,16.559999465942383,65.019996643066406,4.5999999046325684,24,36.680000305175781,15.880000114440918,6.5,15.239999771118164,15.899999618530273,11.519999504089355,8.5199995040893555,7.5199999809265137,2.7000000476837158,25.399999618530273,11.039999961853027,26.85999870300293,18.440000534057617,11.279999732971191,26.219999313354492,14.420000076293945,68.239997863769531,65.919998168945312,14.119999885559082,9.4799995422363281,20.420000076293945,7.8999996185302734,3.1999998092651367,6.7199997901916504,16.639999389648438,19.19999885559082,57.5,21.100000381469727,3.1599998474121094,24.739999771118164,50.139999389648438,29.840000152587891,76.319999694824219,11.75999927520752,8,71.439994812011719,10.639999389648438,17.619998931884766,20.119998931884766,7.2799997329711914,15.199999809265137,67.819999694824219,21.100000381469727,3.6399998664855957,61,32.779998779296875,43.099998474121094,4.119999885559082,11.619999885559082,71.1199951171875,10.059999465942383,60.520000457763672],"unitSymbol":"mm"},"totalPaths":0,"spaceToCharKey":{"distributionSampleValues":[0.53999996185302734,0.19999998807907104,0.19999998807907104,0.11999999731779099,0.08999999612569809,0.17000000178813934,0.66999995708465576,0.17000000178813934,0.08999999612569809,0.099999994039535522,1.4099999666213989,0.17999999225139618],"unitSymbol":"s"},"longWordTouchDownDown":[],"anyTapToCharKey":{"distributionSampleValues":[0.17999999225139618,0.039999999105930328,0.12999999523162842,0.17000000178813934,0.19999998807907104,0.059999998658895493,0.11999999731779099,0.17000000178813934,0.12999999523162842,0.079999998211860657,0.15999999642372131,0.2199999988079071,1.4099999666213989,0.11999999731779099,0.17999999225139618,0.11999999731779099,0.079999998211860657,0.53999996185302734,0.10999999940395355,0.070000000298023224,0.11999999731779099,0.17000000178813934,0.070000000298023224,0.17999999225139618,0.17000000178813934,0.070000000298023224,0.11999999731779099,0.070000000298023224,0.059999998658895493,0.66999995708465576,0.17000000178813934,0.079999998211860657,0.14999999105930328,0.099999994039535522,0.059999998658895493,0.11999999731779099,0.08999999612569809,0.19999998807907104,0.14000000059604645,0.11999999731779099,0.12999999523162842,0.08999999612569809,0.08999999612569809],"unitSymbol":"s"},"totalSubstitutionCorrections":0,"longWordUpErrorDistance":[],"totalInsertKeyCorrections":0,"totalNearKeyCorrections":1,"totalHitTestCorrections":1,"inputModes":["en_CA"],"shortWordCharKeyTouchDownUp":{"distributionSampleValues":[0.049999997019767761,0.049999997019767761,0,0.059999998658895493,0.049999997019767761,0.059999998658895493,0,0.049999997019767761,0.049999997019767761,0.049999997019767761,0.029999999329447746,0.039999999105930328,0.039999999105930328,0.059999998658895493,0.049999997019767761,0.049999997019767761,0.049999997019767761,0.070000000298023224,0.059999998658895493,0.049999997019767761,0.029999999329447746,0.070000000298023224,0.049999997019767761,0.059999998658895493,0.059999998658895493,0.059999998658895493,0.039999999105930328,0.039999999105930328,0.070000000298023224,0.049999997019767761,0,0.049999997019767761,0.059999998658895493,0.049999997019767761,0.049999997019767761,0.059999998658895493,0.039999999105930328,0.08999999612569809,0.059999998658895493,0.039999999105930328,0.049999997019767761,0.070000000298023224,0.049999997019767761,0.049999997019767761],"unitSymbol":"s"},"touchDownUp":{"distributionSampleValues":[0.059999998658895493,0,0.059999998658895493,0.049999997019767761,0.049999997019767761,0.059999998658895493,0.059999998658895493,0.049999997019767761,0.049999997019767761,0.079999998211860657,0.059999998658895493,0.039999999105930328,0.070000000298023224,0,0.070000000298023224,0.059999998658895493,0.070000000298023224,0.039999999105930328,0.049999997019767761,0.059999998658895493,0.039999999105930328,0.059999998658895493,0.049999997019767761,0.049999997019767761,0.029999999329447746,0.070000000298023224,0,0.049999997019767761,0.049999997019767761,0.070000000298023224,0.079999998211860657,0.049999997019767761,0.079999998211860657,0.049999997019767761,0.08999999612569809,0.049999997019767761,0.079999998211860657,0.070000000298023224,0.070000000298023224,0.070000000298023224,0.049999997019767761,0.039999999105930328,0.059999998658895493,0.059999998658895493,0.049999997019767761,0.059999998658895493,0.059999998658895493,0.070000000298023224,0.049999997019767761,0.049999997019767761,0.039999999105930328,0.059999998658895493,0.059999998658895493,0.049999997019767761,0.070000000298023224,0.070000000298023224,0.049999997019767761,0.049999997019767761,0.029999999329447746,0.070000000298023224,0.039999999105930328],"unitSymbol":"s"},"totalRetroCorrections":0,"totalTypingEpisodes":1,"totalPathPauses":0,"touchDownDown":{"distributionSampleValues":[0.11999999731779099,0.070000000298023224,0.12999999523162842,0.12999999523162842,0.12999999523162842,0.070000000298023224,0.059999998658895493,0.14000000059604645,0.2199999988079071,0.11999999731779099,0.08999999612569809,0.039999999105930328,0.070000000298023224,0.17000000178813934,0.14999999105930328,0.059999998658895493,0.53999996185302734,0.059999998658895493,0.08999999612569809,0.17000000178813934,0.15999999642372131,0.11999999731779099,0.17000000178813934,0.17999999225139618,0.070000000298023224,0.070000000298023224,0.19999998807907104,0.11999999731779099,0.17999999225139618,0.059999998658895493,0.099999994039535522,0.11999999731779099,0.11999999731779099,0.17000000178813934,0.11999999731779099,0.099999994039535522,0.17000000178813934,0.08999999612569809,0.079999998211860657,0.079999998211860657,0.17000000178813934,1.4099999666213989,0.19999998807907104,0.070000000298023224,0.10999999940395355,0.059999998658895493,0.12999999523162842,0.66999995708465576,0.070000000298023224,0.17999999225139618,0.079999998211860657,0.079999998211860657,0.059999998658895493,0.08999999612569809,0.17000000178813934,0.079999998211860657,0.11999999731779099],"unitSymbol":"s"},"totalDrags":0,"height":{"value":32.412269451866855,"unit":{"converter":{"constant":0,