{"device":{"systemVersion":"16.0","systemName":"iOS","model":"iPhone","name":"iPhone"},"samples":[{"sample":{"totalWords":24,"deleteTouchDownUp":{"distributionSampleValues":[0,0,0,0],"unitSymbol":"s"},"totalTaps":25,"charKeyToAnyTapKey":{"distributionSampleValues":[0.17999999225139618,0.34999999403953552,0.2800000011920929,0.12999999523162842,0.47999998927116394,0.37999999523162842,0.15999999642372131,0.68000000715255737,4.7199997901916504,0.37999999523162842],"unitSymbol":"s"},"totalAutoCorrections":0,"longWordDownErrorDistance":[],"totalTranspositionCorrections":0,"totalSpaceCorrections":0,"spaceDownErrorDistance":{"distributionSampleValues":[37.700000762939453,27.219999313354492,37.040000915527344,12.079999923706055],"unitSymbol":"mm"},"totalTypingDuration":31,"totalEmojis":1,"sentimentMetrics":{"emojiCount":[0,0,7,0,8,0,1,0,3,0,5,0,2,0,9,0,4,0,6,0],"wordCount":[9,0,1,0,2,0,0,0,4,0,7,0,5,0,6,0,8,0,3,0]},"pathTypingSpeed":5.2490366391174819,"upErrorDistance":{"distributionSampleValues":[16.399999618530273,4.6999998092651367,26.680000305175781,37.700000762939453,13.119999885559082,21.19999885559082,19.020000457763672,37.040000915527344,15.199999809265137,12.579999923706055,6.179999828338623,25.69999885559082,15.519999504089355,17.899999618530273,12.079999923706055,10.739999771118164,12.539999961853027,13.340000152587891,14.079999923706055,17.959999084472656,27.219999313354492],"unitSymbol":"mm"},"totalPaths":18,"spaceToCharKey":{"distributionSampleValues":[0.61000001430511475],"unitSymbol":"s"},"charKeyToPrediction":{"distributionSampleValues":[0.48999997973442078],"unitSymbol":"s"},"anyTapToCharKey":{"distributionSampleValues":[0.34999999403953552,0.47999998927116394,0.15999999642372131,1.2200000286102295,0.12999999523162842,0.17999999225139618,0.68000000715255737,0.37999999523162842,0.37999999523162842,0.75,0.65999996662139893,0.61000001430511475],"unitSymbol":"s"},"longWordTouchDownDown":[],"totalSubstitutionCorrections":0,"longWordUpErrorDistance":[],"totalInsertKeyCorrections":0,"charKeyToDelete":{"distributionSampleValues":[4.7199997901916504],"unitSymbol":"s"},"totalNearKeyCorrections":2,"totalHitTestCorrections":0,"inputModes":["en_CA"],"shortWordCharKeyTouchDownUp":{"distributionSampleValues":[0.08999999612569809,0.12999999523162842,0.070000000298023224,0.039999999105930328,0.029999999329447746,0.059999998658895493,0.079999998211860657,0.099999994039535522,0.049999997019767761,0.029999999329447746,0.099999994039535522,0.099999994039535522,0.10999999940395355],"unitSymbol":"s"},"touchDownUp":{"distributionSampleValues":[0.039999999105930328,0.11999999731779099,0,0.029999999329447746,0.029999999329447746,0.099999994039535522,0.12999999523162842,0.079999998211860657,0.070000000298023224,0,0,0.070000000298023224,0.059999998658895493,0.099999994039535522,0.099999994039535522,0.079999998211860657,0.08999999612569809,0.10999999940395355,0.099999994039535522,0,0.049999997019767761],"unitSymbol":"s"},"totalRetroCorrections":0,"deleteToCharKey":{"distributionSampleValues":[0.75,0.65999996662139893,1.2200000286102295],"unitSymbol":"s"},"totalTypingEpisodes":3,"touchDownDown":{"distributionSampleValues":[0.34999999403953552,0.17000000178813934,0.37999999523162842,0.12999999523162842,1.2200000286102295,0.68000000715255737,0.75,4.7199997901916504,0.15999999642372131,0.61000001430511475,0.2800000011920929,0.37999999523162842,0.17999999225139618,0.47999998927116394,0.65999996662139893],"unitSymbol":"s"},"totalPathPauses":0,"totalDrags":0,"height":{"value":34.45565165644107,"unit":{"converter":{"constant":0,"coefficient":0.001},"symbol":"mm"}},"spaceUpErrorDistance":{"distributionSampleValues":[37.040000915527344,12.079999923706055,27.219999313354492,37.700000762939453],"unitSymbol":"mm"},"shortWordCharKeyDownErrorDistance":{"distributionSampleValues":[21.19999885559082,6.179999828338623,13.340000152587891,14.079999923706055,15.519999504089355,15.199999809265137,4.6999998092651367,12.539999961853027,26.680000305175781,10.739999771118164,16.399999618530273,12.579999923706055,13.119999885559082],"unitSymbol":"mm"},"deleteUpErrorDistance":{"distributionSampleValues":[17.899999618530273,17.959999084472656,25.69999885559082,19.020000457763672],"unitSymbol":"mm"},"deleteToDelete":{"distributionSampleValues":[0.17000000178813934],"unitSymbol":"s"},"keyboardIdentifier":"6910d631848a5abf889ffa81fb6095c98726f79","totalDeletes":4,"totalPathTime":15,"totalAlteredWords":1,"deleteDownErrorDistance":{"distributionSampleValues":[25.69999885559082,17.959999084472656,19.020000457763672,17.899999618530273],"unitSymbol":"mm"},"pathToSpace":{"distributionSampleValues":[0.2800000011920929],"unitSymbol":"s"},"longWordTouchDownUp":[],"pathToDelete":{"distributionSampleValues":[0.98999994993209839],"unitSymbol":"s"},"spaceToPath":{"distributionSampleValues":[0.38999998569488525,0.42999997735023499],"unitSymbol":"s"},"totalPauses":14,"deleteToDeletes":[{"distributionSampleValues":[0.17000000178813934],"unitSymbol":"s"},{"distributionSampleValues":[]},{"distributionSampleValues":[]},{"distributionSampleValues":[]},{"distributionSampleValues":[]}],"typingSpeed":2.8412526510849503,"version":"v.1.0","spaceTouchDownUp":{"distributionSampleValues":[0.11999999731779099,0.070000000298023224,0.099999994039535522,0.079999998211860657],"unitSymbol":"s"},"charKeyToSpaceKey":{"distributionSampleValues":[0.2800000011920929],"unitSymbol":"s"},"pathToPath":{"distributionSampleValues":[0.42999997735023499,0.2800000011920929,0.26999998092651367,0.26999998092651367,0.82999998331069946,0.26999998092651367,0.15999999642372131,0.37999999523162842,0.25999999046325684,0.14000000059604645,0.22999998927116394],"unitSymbol":"s"},"totalSkipTouchCorrections":0,"shortWordCharKeyToCharKey":{"distributionSampleValues":[0.17999999225139618,0.68000000715255737,0.47999998927116394,0.12999999523162842,0.37999999523162842,0.34999999403953552,0.15999999642372131,0.37999999523162842],"unitSymbol":"s"},"width":{"value":64.266415010634731,"unit":{"converter":{"constant":0,"coefficient":0.001},"symbol":"mm"}},"pathErrorDistanceRatio":[0.94300001859664917,0.93600004911422729,0.93200004100799561,0.99650007486343384,0.85000002384185791,0.90700006484985352,0.9385000467300415,0.85000002384185791,0.94750005006790161,0.96750003099441528,0.90700006484985352,0.90300005674362183,0.92100006341934204,0.93750005960464478,0.75600004196166992],"totalPathLength":{"value":11666,"unit":{"converter":{"constant":0,"coefficient":0.001},"symbol":"mm"}},"shortWordCharKeyUpErrorDistance":{"distributionSampleValues":[16.399999618530273,13.340000152587891,21.19999885559082,15.519999504089355,12.539999961853027,6.179999828338623,10.739999771118164,14.079999923706055,12.579999923706055,13.119999885559082,26.680000305175781,15.199999809265137,4.6999998092651367],"unitSymbol":"mm"}},"timestamp":"2022-10-19T11:02:03-0400"}]}