{"device":{"systemVersion":"16.0.3","systemName":"iOS","model":"iPhone","name":"iPhone"},"samples":[{"sample":{"totalWords":9,"deleteTouchDownUp":{"distributionSampleValues":[0,0,0,0,0],"unitSymbol":"s"},"totalTaps":21,"charKeyToAnyTapKey":{"distributionSampleValues":[0.34999999403953552,0.31999999284744263,0.31999999284744263,0.18999999761581421,0.18999999761581421,0.8399999737739563,0.26999998092651367,0.32999998331069946],"unitSymbol":"s"},"totalAutoCorrections":0,"longWordDownErrorDistance":[],"totalTranspositionCorrections":0,"totalSpaceCorrections":0,"spaceDownErrorDistance":{"distributionSampleValues":[40.719997406005859,54.180000305175781,39.5,32.819999694824219,38.55999755859375],"unitSymbol":"mm"},"totalTypingDuration":15,"totalEmojis":0,"sentimentMetrics":{"emojiCount":[0,0,7,0,1,0,3,0,9,0,2,0,5,0,6,0,4,0,8,0],"wordCount":[9,0,4,0,8,0,2,0,0,0,5,0,6,0,1,0,3,0,7,0]},"pathTypingSpeed":3.7373530860881976,"upErrorDistance":{"distributionSampleValues":[32.819999694824219,36.259998321533203,31.299999237060547,39.219997406005859,13.239999771118164,13.039999961853027,14.539999961853027,31.979999542236328,3.5399999618530273,29.260000228881836,15.559999465942383,13.420000076293945,2.2400000095367432,38.55999755859375,39.5,10.539999961853027,11.59999942779541,54.180000305175781,14.699999809265137,17.739999771118164],"unitSymbol":"mm"},"totalPaths":4,"spaceToCharKey":{"distributionSampleValues":[0.38999998569488525,1.0199999809265137],"unitSymbol":"s"},"charKeyToPrediction":{"distributionSampleValues":[0.44999998807907104],"unitSymbol":"s"},"anyTapToCharKey":{"distributionSampleValues":[0.34999999403953552,0.56999999284744263,0.82999998331069946,0.38999998569488525,0.31999999284744263,1.0199999809265137,0.18999999761581421,0.31999999284744263,0.32999998331069946],"unitSymbol":"s"},"longWordTouchDownDown":[],"totalSubstitutionCorrections":0,"longWordUpErrorDistance":[],"totalInsertKeyCorrections":0,"totalNearKeyCorrections":1,"totalHitTestCorrections":0,"inputModes":["en_CA"],"shortWordCharKeyTouchDownUp":{"distributionSampleValues":[0.059999998658895493,0.099999994039535522,0.099999994039535522,0.079999998211860657,0.079999998211860657,0.039999999105930328,0.070000000298023224,0.070000000298023224,0.059999998658895493,0.070000000298023224],"unitSymbol":"s"},"touchDownUp":{"distributionSampleValues":[0,0.070000000298023224,0.11999999731779099,0.039999999105930328,0.079999998211860657,0.059999998658895493,0.08999999612569809,0,0.099999994039535522,0.070000000298023224,0.099999994039535522,0.070000000298023224,0.079999998211860657,0,0.059999998658895493,0,0.099999994039535522,0,0.059999998658895493,0.08999999612569809],"unitSymbol":"s"},"totalRetroCorrections":0,"deleteToCharKey":{"distributionSampleValues":[0.82999998331069946,0.56999999284744263],"unitSymbol":"s"},"totalTypingEpisodes":2,"touchDownDown":{"distributionSampleValues":[0.18999999761581421,0.34999999403953552,0.26999998092651367,0.32999998331069946,0.31999999284744263,0.17999999225139618,0.38999998569488525,0.56999999284744263,0.31999999284744263,0.8399999737739563,1.0199999809265137,0.82999998331069946,0.17999999225139618,0.51999998092651367,0.18999999761581421,0.15999999642372131],"unitSymbol":"s"},"totalPathPauses":0,"totalDrags":4,"height":{"value":33.814723418534165,"unit":{"converter":{"constant":0,"coefficient":0.001},"symbol":"mm"}},"spaceUpErrorDistance":{"distributionSampleValues":[36.259998321533203,54.180000305175781,38.55999755859375,39.5,32.819999694824219],"unitSymbol":"mm"},"shortWordCharKeyDownErrorDistance":{"distributionSampleValues":[3.5399999618530273,15.559999465942383,13.239999771118164,29.260000228881836,2.2400000095367432,31.299999237060547,10.539999961853027,14.699999809265137,11.59999942779541,16.139999389648438],"unitSymbol":"mm"},"deleteUpErrorDistance":{"distributionSampleValues":[31.979999542236328,14.539999961853027,13.039999961853027,17.739999771118164,39.219997406005859],"unitSymbol":"mm"},"deleteToDelete":{"distributionSampleValues":[0.15999999642372131,0.17999999225139618,0.17999999225139618],"unitSymbol":"s"},"keyboardIdentifier":"aaf420635930ad702ab3905b494d3d78d1a4de9e","totalDeletes":5,"totalPathTime":2,"totalAlteredWords":2,"deleteDownErrorDistance":{"distributionSampleValues":[17.739999771118164,14.539999961853027,31.979999542236328,39.219997406005859,13.039999961853027],"unitSymbol":"mm"},"pathToSpace":{"distributionSampleValues":[0.8399999737739563,0.26999998092651367,0.18999999761581421],"unitSymbol":"s"},"longWordTouchDownUp":[],"pathToDelete":{"distributionSampleValues":[1.1799999475479126],"unitSymbol":"s"},"spaceToPath":{"distributionSampleValues":[1.2400000095367432,1.7300000190734863],"unitSymbol":"s"},"spaceToDeleteKey":{"distributionSampleValues":[0.51999998092651367],"unitSymbol":"s"},"deleteToDeletes":[{"distributionSampleValues":[0.17999999225139618],"unitSymbol":"s"},{"distributionSampleValues":[0.17999999225139618],"unitSymbol":"s"},{"distributionSampleValues":[0.15999999642372131],"unitSymbol":"s"},{"distributionSampleValues":[]},{"distributionSampleValues":[]}],"totalPauses":0,"typingSpeed":2.0243782131292982,"version":"v.1.0","spaceTouchDownUp":{"distributionSampleValues":[0.059999998658895493,0.099999994039535522,0.08999999612569809,0.08999999612569809,0.11999999731779099],"unitSymbol":"s"},"charKeyToSpaceKey":{"distributionSampleValues":[0.8399999737739563,0.26999998092651367,0.18999999761581421],"unitSymbol":"s"},"pathToPath":{"distributionSampleValues":[0.76999998092651367],"unitSymbol":"s"},"totalSkipTouchCorrections":0,"shortWordCharKeyToCharKey":{"distributionSampleValues":[0.32999998331069946,0.31999999284744263,0.18999999761581421,0.34999999403953552,0.31999999284744263],"unitSymbol":"s"},"width":{"value":63.889569592622159,"unit":{"converter":{"constant":0,"coefficient":0.001},"symbol":"mm"}},"pathErrorDistanceRatio":[0.97850006818771362,0.94300001859664917,0.93900007009506226,0.99650007486343384],"totalPathLength":{"value":2004,"unit":{"converter":{"constant":0,"coefficient":0.001},"symbol":"mm"}},"shortWordCharKeyUpErrorDistance":{"distributionSampleValues":[3.5399999618530273,13.420000076293945,11.59999942779541,10.539999961853027,29.260000228881836,31.299999237060547,15.559999465942383,14.699999809265137,2.2400000095367432,13.239999771118164],"unitSymbol":"mm"}},"timestamp":"2022-10-17T11:01:46-0400"}]}