{"device":{"systemVersion":"16.0","systemName":"iOS","model":"iPhone","name":"iPhone"},"samples":[{"sample":{"totalWords":28,"deleteTouchDownUp":{"distributionSampleValues":[0.079999998211860657,0.099999994039535522,0.079999998211860657,0.079999998211860657],"unitSymbol":"s"},"totalTaps":27,"charKeyToAnyTapKey":{"distributionSampleValues":[0.2199999988079071,0.17000000178813934,0.17999999225139618,0.23999999463558197,0.20999999344348907,0.20999999344348907,0.20999999344348907,0.20999999344348907,0.18999999761581421,0.23999999463558197,0.39999997615814209,0.34999999403953552,0.37999999523162842],"unitSymbol":"s"},"totalAutoCorrections":0,"longWordDownErrorDistance":[],"totalTranspositionCorrections":0,"totalSpaceCorrections":0,"spaceDownErrorDistance":{"distributionSampleValues":[27.659999847412109,71.400001525878906,40.899997711181641,32.959999084472656,41.619998931884766,29.959999084472656,15.380000114440918],"unitSymbol":"mm"},"totalTypingDuration":29.319982528686523,"totalEmojis":0,"sentimentMetrics":{"emojiCount":[0,0,2,0,8,0,9,0,6,0,7,0,1,0,5,0,3,0,4,0],"wordCount":[1,1,4,0,9,0,8,0,2,0,6,0,7,0,5,0,0,0,3,0]},"pathTypingSpeed":4.7038895217426919,"upErrorDistance":{"distributionSampleValues":[13.5,25.279998779296875,15.859999656677246,10.239999771118164,27.659999847412109,27.539999008178711,8.9600000381469727,7.0399999618530273,11.519999504089355,10.359999656677246,6.2399997711181641,21.85999870300293,10.859999656677246,71.400001525878906,40.680000305175781,29.959999084472656,8.3000001907348633,3.3799998760223389,15.380000114440918,7.8399996757507324,26.019998550415039,10.559999465942383,36.659999847412109,41.619998931884766,20.039999008178711,6.059999942779541,17.719999313354492],"unitSymbol":"mm"},"totalPaths":21,"longWordTouchDownDown":[],"spaceToCharKey":{"distributionSampleValues":[0.23999999463558197,1.6299999952316284,0.22999998927116394],"unitSymbol":"s"},"anyTapToCharKey":{"distributionSampleValues":[1.6299999952316284,0.17000000178813934,0.25999999046325684,0.23999999463558197,0.34999999403953552,0.39999997615814209,0.37999999523162842,0.2199999988079071,0.18999999761581421,0.20999999344348907,0.20999999344348907,0.22999998927116394,0.17999999225139618,0.23999999463558197],"unitSymbol":"s"},"totalSubstitutionCorrections":0,"longWordUpErrorDistance":[],"totalInsertKeyCorrections":0,"totalNearKeyCorrections":0,"totalHitTestCorrections":0,"inputModes":["en_CA"],"shortWordCharKeyTouchDownUp":{"distributionSampleValues":[0.070000000298023224,0.079999998211860657,0.070000000298023224,0.059999998658895493,0.079999998211860657,0.070000000298023224,0.08999999612569809,0.10999999940395355,0.08999999612569809,0.079999998211860657,0.08999999612569809,0.070000000298023224,0.099999994039535522,0.070000000298023224,0.079999998211860657,0.079999998211860657],"unitSymbol":"s"},"touchDownUp":{"distributionSampleValues":[0.079999998211860657,0.10999999940395355,0.079999998211860657,0.08999999612569809,0.070000000298023224,0.08999999612569809,0.070000000298023224,0.079999998211860657,0.08999999612569809,0.079999998211860657,0.079999998211860657,0.079999998211860657,0.070000000298023224,0.099999994039535522,0.070000000298023224,0.099999994039535522,0.070000000298023224,0.070000000298023224,0.079999998211860657,0.08999999612569809,0.079999998211860657,0.079999998211860657,0.059999998658895493,0.099999994039535522,0.079999998211860657,0.070000000298023224,0.08999999612569809],"unitSymbol":"s"},"totalRetroCorrections":0,"deleteToCharKey":{"distributionSampleValues":[0.25999999046325684],"unitSymbol":"s"},"totalTypingEpisodes":2,"touchDownDown":{"distributionSampleValues":[0.25999999046325684,0.20999999344348907,0.34999999403953552,0.20999999344348907,0.18999999761581421,0.20999999344348907,0.18999999761581421,0.23999999463558197,0.17000000178813934,0.23999999463558197,0.20999999344348907,0.23999999463558197,0.2199999988079071,0.39999997615814209,0.22999998927116394,0.17000000178813934,0.17999999225139618,1.6299999952316284,0.37999999523162842],"unitSymbol":"s"},"totalPathPauses":0,"totalDrags":0,"height":{"value":36.103492907561588,"unit":{"converter":{"constant":0,"coefficient":0.001},"symbol":"mm"}},"spaceUpErrorDistance":{"distributionSampleValues":[15.380000114440918,27.539999008178711,41.619998931884766,40.680000305175781,71.400001525878906,27.659999847412109,29.959999084472656],"unitSymbol":"mm"},"shortWordCharKeyDownErrorDistance":{"distributionSampleValues":[7.8399996757507324,6.2399997711181641,17.719999313354492,21.85999870300293,20.039999008178711,6.059999942779541,28.519998550415039,25.279998779296875,3.3799998760223389,8.3000001907348633,10.239999771118164,10.559999465942383,7.0399999618530273,11.519999504089355,15.859999656677246,26.019998550415039],"unitSymbol":"mm"},"deleteUpErrorDistance":{"distributionSampleValues":[10.859999656677246,10.359999656677246,13.5,8.9600000381469727],"unitSymbol":"mm"},"deleteToDelete":{"distributionSampleValues":[0.18999999761581421,0.17000000178813934],"unitSymbol":"s"},"keyboardIdentifier":"881ca4b678c7f29bc7d7f9f495f1b3a56ccd1e","totalDeletes":4,"totalPathTime":10.047043800354004,"totalAlteredWords":1,"deleteDownErrorDistance":{"distributionSampleValues":[10.859999656677246,10.359999656677246,13.5,8.9600000381469727],"unitSymbol":"mm"},"pathToSpace":{"distributionSampleValues":[0.23999999463558197,0.20999999344348907,0.20999999344348907],"unitSymbol":"s"},"longWordTouchDownUp":[],"deleteToPath":{"distributionSampleValues":[0.65999996662139893],"unitSymbol":"s"},"pathToDelete":{"distributionSampleValues":[0.66999995708465576,2],"unitSymbol":"s"},"spaceToPath":{"distributionSampleValues":[1.2400000095367432,0.2199999988079071,0.35999998450279236,0.26999998092651367],"unitSymbol":"s"},"totalPauses":19,"deleteToDeletes":[{"distributionSampleValues":[0.17000000178813934],"unitSymbol":"s"},{"distributionSampleValues":[0.18999999761581421],"unitSymbol":"s"},{"distributionSampleValues":[]},{"distributionSampleValues":[]},{"distributionSampleValues":[]}],"typingSpeed":3.0298477596284377,"version":"v.1.0","spaceTouchDownUp":{"distributionSampleValues":[0.070000000298023224,0.099999994039535522,0.070000000298023224,0.08999999612569809,0.08999999612569809,0.079999998211860657,0.079999998211860657],"unitSymbol":"s"},"charKeyToSpaceKey":{"distributionSampleValues":[0.23999999463558197,0.20999999344348907,0.20999999344348907],"unitSymbol":"s"},"pathToPath":{"distributionSampleValues":[0.14999999105930328,0.17999999225139618,1.4299999475479126,0.19999998807907104,0.2199999988079071,0.17000000178813934,0.47999998927116394,0.2199999988079071,0.17999999225139618,0.19999998807907104,0.20999999344348907,0.84999996423721313,0.15999999642372131,0.20999999344348907,0.12999999523162842],"unitSymbol":"s"},"totalSkipTouchCorrections":0,"shortWordCharKeyToCharKey":{"distributionSampleValues":[0.2199999988079071,0.37999999523162842,0.17000000178813934,0.34999999403953552,0.18999999761581421,0.20999999344348907,0.17999999225139618,0.20999999344348907,0.23999999463558197,0.39999997615814209],"unitSymbol":"s"},"width":{"value":68.213972774655531,"unit":{"converter":{"constant":0,"coefficient":0.001},"symbol":"mm"}},"pathErrorDistanceRatio":[0.98300004005432129,0.98800003528594971,0.93800002336502075,0.95500004291534424,0.97750002145767212,0.57150000333786011,0.81900006532669067,0.96750003099441528,0.95450001955032349,0.98500007390975952,0.98050004243850708,0.80600005388259888,0.94550001621246338,0.99600005149841309,0.91100007295608521,0.98500007390975952,0.94550001621246338,0.99350005388259888,0.97450006008148193,0.98800003528594971,0.93800002336502075],"totalPathLength":{"value":7481.7626953125,"unit":{"converter":{"constant":0,"coefficient":0.001},"symbol":"mm"}},