{"device":{"systemVersion":"16.0","systemName":"iOS","model":"iPhone","name":"iPhone"},"samples":[{"sample":{"totalWords":10,"totalTaps":30,"charKeyToAnyTapKey":{"distributionSampleValues":[0.14000000059604645,0.059999998658895493,0.45999997854232788,0.35999998450279236,0.12999999523162842,0.41999998688697815,0.099999994039535522,0.08999999612569809,0.14000000059604645,0.14999999105930328,0.070000000298023224,0.14999999105930328,0.34000000357627869,0.25999999046325684,0.15999999642372131,0.5,0.08999999612569809,0.039999999105930328,0.070000000298023224],"unitSymbol":"s"},"totalAutoCorrections":1,"longWordDownErrorDistance":[],"totalTranspositionCorrections":0,"totalSpaceCorrections":0,"spaceDownErrorDistance":{"distributionSampleValues":[42.840000152587891,24.899999618530273,21.260000228881836],"unitSymbol":"mm"},"totalTypingDuration":4,"planeChangeToAnyTap":{"distributionSampleValues":[0.14999999105930328],"unitSymbol":"s"},"totalEmojis":0,"sentimentMetrics":{"emojiCount":[0,0,5,0,3,0,1,0,6,0,7,0,9,0,4,0,2,0,8,0],"wordCount":[7,0,3,0,4,0,8,0,1,0,6,0,5,0,2,0,9,0,0,0]},"pathTypingSpeed":0,"upErrorDistance":{"distributionSampleValues":[11.019999504089355,8.1399993896484375,18.619998931884766,20.340000152587891,0.59999996423721313,13.75999927520752,16.879999160766602,13.119999885559082,13.840000152587891,27.779998779296875,19.520000457763672,14.619999885559082,3.179999828338623,19,4.5799999237060547,18.239999771118164,27.979999542236328,11.979999542236328,18.879999160766602,26.639999389648438,14.75999927520752,6.8399996757507324,15,24.899999618530273,2.3799998760223389,22.279998779296875,42.840000152587891,21.260000228881836],"unitSymbol":"mm"},"totalPaths":0,"longWordTouchDownDown":[],"spaceToCharKey":{"distributionSampleValues":[0.079999998211860657,0.17000000178813934,0.14999999105930328],"unitSymbol":"s"},"anyTapToCharKey":{"distributionSampleValues":[0.15999999642372131,0.35999998450279236,0.14000000059604645,0.41999998688697815,0.059999998658895493,0.070000000298023224,0.45999997854232788,0.099999994039535522,0.079999998211860657,0.17000000178813934,0.12999999523162842,0.14999999105930328,0.34000000357627869,0.08999999612569809,0.070000000298023224,0.14999999105930328,0.25999999046325684,0.5,0.14999999105930328],"unitSymbol":"s"},"totalSubstitutionCorrections":0,"longWordUpErrorDistance":[],"totalInsertKeyCorrections":0,"totalNearKeyCorrections":3,"totalHitTestCorrections":0,"inputModes":["en_CA"],"shortWordCharKeyTouchDownUp":{"distributionSampleValues":[0.10999999940395355,0.059999998658895493,0,0.070000000298023224,0.049999997019767761,0.070000000298023224,0.049999997019767761,0,0.079999998211860657,0.08999999612569809,0.079999998211860657,0.10999999940395355,0.039999999105930328,0.10999999940395355,0.049999997019767761,0.039999999105930328,0.019999999552965164,0.08999999612569809,0.14000000059604645,0.070000000298023224,0.10999999940395355,0.059999998658895493,0.070000000298023224],"unitSymbol":"s"},"touchDownUp":{"distributionSampleValues":[0.059999998658895493,0.10999999940395355,0.070000000298023224,0.039999999105930328,0.10999999940395355,0,0.049999997019767761,0.029999999329447746,0.070000000298023224,0.070000000298023224,0.079999998211860657,0.08999999612569809,0.08999999612569809,0.029999999329447746,0.14000000059604645,0.049999997019767761,0.059999998658895493,0.070000000298023224,0.079999998211860657,0.10999999940395355,0.019999999552965164,0.059999998658895493,0,0.049999997019767761,0.079999998211860657,0.059999998658895493,0.039999999105930328,0.10999999940395355],"unitSymbol":"s"},"totalRetroCorrections":0,"totalTypingEpisodes":4,"totalPathPauses":0,"touchDownDown":{"distributionSampleValues":[0.099999994039535522,0.45999997854232788,0.34000000357627869,0.41999998688697815,0.14999999105930328,0.039999999105930328,0.08999999612569809,0.14000000059604645,0.14999999105930328,0.5,0.14999999105930328,0.15999999642372131,0.08999999612569809,0.17000000178813934,0.12999999523162842,0.070000000298023224,0.079999998211860657,0.059999998658895493,0.14000000059604645,0.25999999046325684,0.070000000298023224,0.35999998450279236],"unitSymbol":"s"},"totalDrags":0,"height":{"value":34.45565165644107,"unit":{"converter":{"constant":0,"coefficient":0.001},"symbol":"mm"}},"charKeyToPlaneChangeKey":{"distributionSampleValues":[0.15999999642372131],"unitSymbol":"s"},"spaceUpErrorDistance":{"distributionSampleValues":[42.840000152587891,24.899999618530273,21.260000228881836],"unitSymbol":"mm"},"shortWordCharKeyDownErrorDistance":{"distributionSampleValues":[13.75999927520752,15.859999656677246,27.979999542236328,18.619998931884766,18.059999465942383,2.3799998760223389,0.59999996423721313,16.879999160766602,13.840000152587891,18.879999160766602,8.1399993896484375,23.019998550415039,19.520000457763672,15,19,3.179999828338623,18.239999771118164,11.979999542236328,26.639999389648438,14.619999885559082,8.8000001907348633,4.5799999237060547,6.8399996757507324],"unitSymbol":"mm"},"keyboardIdentifier":"e878e8188c392ec71649e56054f852f34be940d","totalDeletes":0,"totalPathTime":0,"totalAlteredWords":0,"pathToSpace":{"distributionSampleValues":[0.14000000059604645,0.039999999105930328,0.08999999612569809],"unitSymbol":"s"},"longWordTouchDownUp":[],"typingSpeed":6.2079411982361812,"totalPauses":0,"anyTapToPlaneChangeKey":{"distributionSampleValues":[0.15999999642372131],"unitSymbol":"s"},"deleteToDeletes":[],"version":"v.1.0","spaceTouchDownUp":{"distributionSampleValues":[0.059999998658895493,0.029999999329447746,0.029999999329447746],"unitSymbol":"s"},"charKeyToSpaceKey":{"distributionSampleValues":[0.14000000059604645,0.039999999105930328,0.08999999612569809],"unitSymbol":"s"},"totalSkipTouchCorrections":0,"shortWordCharKeyToCharKey":{"distributionSampleValues":[0.41999998688697815,0.070000000298023224,0.5,0.25999999046325684,0.099999994039535522,0.059999998658895493,0.45999997854232788,0.15999999642372131,0.070000000298023224,0.34000000357627869,0.35999998450279236,0.12999999523162842,0.14000000059604645,0.14999999105930328,0.14999999105930328,0.08999999612569809],"unitSymbol":"s"},"width":{"value":64.266415010634731,"unit":{"converter":{"constant":0,"coefficient":0.001},"symbol":"mm"}},"pathErrorDistanceRatio":[],"totalPathLength":{"value":0,"unit":{"converter":{"constant":0,"coefficient":0.001},"symbol":"mm"}},"shortWordCharKeyUpErrorDistance":{"distributionSampleValues":[14.619999885559082,18.619998931884766,11.019999504089355,13.840000152587891,6.8399996757507324,3.179999828338623,27.979999542236328,19,15,8.1399993896484375,0.59999996423721313,11.979999542236328,22.279998779296875,4.5799999237060547,26.639999389648438,13.119999885559082,18.879999160766602,16.879999160766602,13.75999927520752,20.340000152587891,2.3799998760223389,19.520000457763672,18.239999771118164],"unitSymbol":"mm"}},"timestamp":"2022-10-10T22:18:59-0400"}]}