{"device":{"systemVersion":"15.6.1","systemName":"iOS","model":"iPhone","name":"Jane’s iPhone"},"samples":[{"sample":{"totalWords":20,"totalTaps":18,"charKeyToAnyTapKey":{"distributionSampleValues":[0.31999999284744263,0.18999999761581421,0.25,0.23999999463558197,0.25],"unitSymbol":"s"},"totalAutoCorrections":1,"longWordDownErrorDistance":[],"totalTranspositionCorrections":0,"totalSpaceCorrections":0,"spaceDownErrorDistance":{"distributionSampleValues":[40.379997253417969,41.419998168945312,51.739997863769531,70.040000915527344,53.239997863769531],"unitSymbol":"mm"},"totalTypingDuration":21,"planeChangeToAnyTap":{"distributionSampleValues":[0.26999998092651367,1.3899999856948853],"unitSymbol":"s"},"totalEmojis":0,"sentimentMetrics":{"emojiCount":[4,0,3,0,8,0,6,0,1,0,0,0,2,0,9,0,5,0,7,0],"wordCount":[3,0,0,0,4,0,5,0,1,0,7,0,2,0,6,0,9,0,8,0]},"pathTypingSpeed":5.0060992118413479,"upErrorDistance":{"distributionSampleValues":[22.69999885559082,40.379997253417969,7.2199997901916504,4.5199999809265137,12.739999771118164,10.679999351501465,11.09999942779541,15.039999961853027,41.419998168945312,12.359999656677246,70.040000915527344,4.5999999046325684,17.340000152587891,51.739997863769531,53.239997863769531],"unitSymbol":"mm"},"totalPaths":15,"longWordTouchDownDown":[],"spaceToCharKey":{"distributionSampleValues":[0.20999999344348907],"unitSymbol":"s"},"anyTapToCharKey":{"distributionSampleValues":[0.18999999761581421,0.31999999284744263,0.93000000715255737,0.20999999344348907],"unitSymbol":"s"},"totalSubstitutionCorrections":0,"longWordUpErrorDistance":[],"totalInsertKeyCorrections":0,"totalNearKeyCorrections":0,"totalHitTestCorrections":0,"inputModes":["en_CA"],"shortWordCharKeyTouchDownUp":{"distributionSampleValues":[0.029999999329447746,0.070000000298023224,0.059999998658895493,0.059999998658895493,0.070000000298023224,0.059999998658895493],"unitSymbol":"s"},"touchDownUp":{"distributionSampleValues":[0.039999999105930328,0.059999998658895493,0.029999999329447746,0.059999998658895493,0.049999997019767761,0.059999998658895493,0.059999998658895493,0.070000000298023224,0.079999998211860657,0.059999998658895493,0.059999998658895493,0.070000000298023224,0.049999997019767761,0.059999998658895493,0.059999998658895493],"unitSymbol":"s"},"totalRetroCorrections":0,"totalTypingEpisodes":3,"totalPathPauses":0,"touchDownDown":{"distributionSampleValues":[0.25,0.37999999523162842,0.31999999284744263,0.18999999761581421,0.2800000011920929,0.57999998331069946,0.20999999344348907,0.25,0.15999999642372131,0.23999999463558197,1.5199999809265137],"unitSymbol":"s"},"totalDrags":0,"height":{"value":33.814723418534165,"unit":{"converter":{"constant":0,"coefficient":0.001},"symbol":"mm"}},"spaceUpErrorDistance":{"distributionSampleValues":[53.239997863769531,41.419998168945312,51.739997863769531,40.379997253417969,70.040000915527344],"unitSymbol":"mm"},"shortWordCharKeyDownErrorDistance":{"distributionSampleValues":[27.379999160766602,4.5199999809265137,17.340000152587891,15.039999961853027,12.739999771118164,4.5999999046325684],"unitSymbol":"mm"},"keyboardIdentifier":"ce20ad735b4dca44143bea2cb67d4f83d25ee6c","totalDeletes":1,"totalPathTime":8,"totalAlteredWords":1,"pathToSpace":{"distributionSampleValues":[0.25,0.23999999463558197,0.25],"unitSymbol":"s"},"longWordTouchDownUp":[],"deleteToPath":{"distributionSampleValues":[0.63999998569488525],"unitSymbol":"s"},"pathToDelete":{"distributionSampleValues":[0.75],"unitSymbol":"s"},"spaceToPath":{"distributionSampleValues":[0.22999998927116394,0.28999999165534973],"unitSymbol":"s"},"totalPauses":0,"deleteToDeletes":[],"typingSpeed":2.4772568325835591,"version":"v.1.0","spaceTouchDownUp":{"distributionSampleValues":[0.059999998658895493,0.039999999105930328,0.059999998658895493,0.049999997019767761,0.079999998211860657],"unitSymbol":"s"},"charKeyToSpaceKey":{"distributionSampleValues":[0.25,0.23999999463558197,0.25],"unitSymbol":"s"},"pathToPath":{"distributionSampleValues":[0.15999999642372131,2.0999999046325684,0.32999998331069946,0.12999999523162842,0.32999998331069946,0.26999998092651367,0.26999998092651367,0.15999999642372131,0.20999999344348907,0.17999999225139618],"unitSymbol":"s"},"totalSkipTouchCorrections":0,"planeChangeKeyToCharKey":{"distributionSampleValues":[0.26999998092651367],"unitSymbol":"s"},"shortWordCharKeyToCharKey":{"distributionSampleValues":[0.18999999761581421,0.31999999284744263],"unitSymbol":"s"},"width":{"value":63.889569592622159,"unit":{"converter":{"constant":0,"coefficient":0.001},"symbol":"mm"}},"pathErrorDistanceRatio":[0.91900002956390381,0.96500003337860107,0.98200005292892456,0.96500003337860107,0.87250006198883057,0.87650007009506226,0.97500002384185791,0.98200005292892456,0.56950002908706665,0.87650007009506226,0.65150004625320435,0.96150004863739014,0.95100003480911255,0.96150004863739014,0.98950004577636719],"totalPathLength":{"value":6560,"unit":{"converter":{"constant":0,"coefficient":0.001},"symbol":"mm"}},"shortWordCharKeyUpErrorDistance":{"distributionSampleValues":[4.5199999809265137,4.5999999046325684,22.69999885559082,17.340000152587891,12.739999771118164,15.039999961853027],"unitSymbol":"mm"}},"timestamp":"2022-10-29T00:49:52-0400"}]}