{"device":{"systemVersion":"16.0","systemName":"iOS","model":"iPhone","name":"iPhone"},"samples":[{"sample":{"totalWords":17,"deleteTouchDownUp":{"distributionSampleValues":[0.079999998211860657,0.070000000298023224,0.079999998211860657,0.070000000298023224,0.08999999612569809,0.079999998211860657,0.070000000298023224],"unitSymbol":"s"},"totalTaps":16,"charKeyToAnyTapKey":{"distributionSampleValues":[0.2800000011920929,0.17000000178813934,0.22999998927116394,0.69999998807907104,0.19999998807907104],"unitSymbol":"s"},"totalAutoCorrections":0,"longWordDownErrorDistance":[],"totalTranspositionCorrections":0,"totalSpaceCorrections":0,"spaceDownErrorDistance":{"distributionSampleValues":[11.840000152587891,13.519999504089355],"unitSymbol":"mm"},"totalTypingDuration":13,"totalEmojis":0,"sentimentMetrics":{"emojiCount":[0,0,3,0,1,0,5,0,8,0,6,0,4,0,7,0,9,0,2,0],"wordCount":[0,0,4,0,8,0,3,0,1,0,5,0,9,0,7,0,2,0,6,0]},"pathTypingSpeed":8.265492675880374,"upErrorDistance":{"distributionSampleValues":[36.819999694824219,13.639999389648438,36.099998474121094,10.239999771118164,23.19999885559082,32.299999237060547,25.079999923706055,9.3199996948242188,4.8599996566772461,10.239999771118164,6.5199999809265137,13.519999504089355,14.539999961853027,11.840000152587891,15.699999809265137],"unitSymbol":"mm"},"totalPaths":13,"longWordTouchDownDown":[],"anyTapToCharKey":{"distributionSampleValues":[0.40999999642372131,0.26999998092651367,0.2800000011920929,0.53999996185302734,0.22999998927116394,0.17000000178813934],"unitSymbol":"s"},"totalSubstitutionCorrections":0,"longWordUpErrorDistance":[],"totalInsertKeyCorrections":0,"charKeyToDelete":{"distributionSampleValues":[0.69999998807907104],"unitSymbol":"s"},"totalNearKeyCorrections":0,"totalHitTestCorrections":0,"inputModes":["en_CA"],"shortWordCharKeyTouchDownUp":{"distributionSampleValues":[0.070000000298023224,0.079999998211860657,0.070000000298023224,0.059999998658895493,0.059999998658895493,0.070000000298023224],"unitSymbol":"s"},"touchDownUp":{"distributionSampleValues":[0.070000000298023224,0.08999999612569809,0.059999998658895493,0.079999998211860657,0.070000000298023224,0.070000000298023224,0.08999999612569809,0.079999998211860657,0.070000000298023224,0.079999998211860657,0.079999998211860657,0.070000000298023224,0.070000000298023224,0.059999998658895493,0.070000000298023224],"unitSymbol":"s"},"totalRetroCorrections":0,"deleteToCharKey":{"distributionSampleValues":[0.40999999642372131,0.26999998092651367,0.53999996185302734],"unitSymbol":"s"},"totalTypingEpisodes":2,"touchDownDown":{"distributionSampleValues":[0.69999998807907104,0.26999998092651367,0.53999996185302734,0.17000000178813934,0.22999998927116394,0.15999999642372131,0.17000000178813934,0.2800000011920929,0.40999999642372131,0.17000000178813934,0.17000000178813934,0.19999998807907104],"unitSymbol":"s"},"totalPathPauses":0,"totalDrags":0,"height":{"value":36.103492907561588,"unit":{"converter":{"constant":0,"coefficient":0.001},"symbol":"mm"}},"spaceUpErrorDistance":{"distributionSampleValues":[13.519999504089355,11.840000152587891],"unitSymbol":"mm"},"shortWordCharKeyDownErrorDistance":{"distributionSampleValues":[6.5199999809265137,4.8599996566772461,14.539999961853027,10.239999771118164,15.699999809265137,9.3199996948242188],"unitSymbol":"mm"},"deleteUpErrorDistance":{"distributionSampleValues":[10.239999771118164,13.639999389648438,36.819999694824219,25.079999923706055,36.099998474121094,23.19999885559082,32.299999237060547],"unitSymbol":"mm"},"deleteToDelete":{"distributionSampleValues":[0.17000000178813934,0.17000000178813934,0.17000000178813934,0.15999999642372131],"unitSymbol":"s"},"keyboardIdentifier":"881ca4b678c7f29bc7d7f9f495f1b3a56ccd1e","totalDeletes":7,"totalPathTime":7,"totalAlteredWords":1,"deleteDownErrorDistance":{"distributionSampleValues":[23.19999885559082,10.239999771118164,36.819999694824219,32.299999237060547,36.099998474121094,13.639999389648438,25.079999923706055],"unitSymbol":"mm"},"pathToSpace":{"distributionSampleValues":[0.19999998807907104],"unitSymbol":"s"},"longWordTouchDownUp":[],"typingSpeed":3.0920152579035789,"spaceToPath":{"distributionSampleValues":[1.3899999856948853,0.25999999046325684],"unitSymbol":"s"},"totalPauses":0,"deleteToDeletes":[{"distributionSampleValues":[0.17000000178813934,0.15999999642372131,0.17000000178813934],"unitSymbol":"s"},{"distributionSampleValues":[0.17000000178813934],"unitSymbol":"s"},{"distributionSampleValues":[]},{"distributionSampleValues":[]},{"distributionSampleValues":[]}],"version":"v.1.0","spaceTouchDownUp":{"distributionSampleValues":[0.070000000298023224,0.08999999612569809],"unitSymbol":"s"},"charKeyToSpaceKey":{"distributionSampleValues":[0.19999998807907104],"unitSymbol":"s"},"pathToPath":{"distributionSampleValues":[0.14000000059604645,0.56000000238418579,0.12999999523162842,0.17000000178813934,0.12999999523162842,0.28999999165534973,0.14000000059604645],"unitSymbol":"s"},"totalSkipTouchCorrections":0,"shortWordCharKeyToCharKey":{"distributionSampleValues":[0.2800000011920929,0.22999998927116394,0.17000000178813934],"unitSymbol":"s"},"width":{"value":68.213972774655531,"unit":{"converter":{"constant":0,"coefficient":0.001},"symbol":"mm"}},"pathErrorDistanceRatio":[0.8890000581741333,0.96950006484985352,0.87200003862380981,0.91200006008148193,0.91250002384185791,0.96950006484985352,0.78600001335144043,0.91750001907348633,0.98350006341934204,0.96200007200241089,0.91550004482269287,0.91550004482269287,0.91950005292892456],"totalPathLength":{"value":5715,"unit":{"converter":{"constant":0,"coefficient":0.001},"symbol":"mm"}},"shortWordCharKeyUpErrorDistance":{"distributionSampleValues":[9.3199996948242188,4.8599996566772461,14.539999961853027,15.699999809265137,10.239999771118164,6.5199999809265137],"unitSymbol":"mm"}},"timestamp":"2022-10-21T14:44:55-0400"}]}