{"device":{"systemVersion":"16.0.3","systemName":"iOS","model":"iPhone","name":"iPhone"},"samples":[{"sample":{"totalWords":19,"deleteTouchDownUp":{"distributionSampleValues":[0],"unitSymbol":"s"},"totalTaps":27,"charKeyToAnyTapKey":{"distributionSampleValues":[0.25999999046325684,0.22999998927116394,0.38999998569488525,0.31999999284744263,0.2199999988079071],"unitSymbol":"s"},"totalAutoCorrections":1,"longWordDownErrorDistance":[],"totalTranspositionCorrections":0,"totalSpaceCorrections":0,"spaceDownErrorDistance":{"distributionSampleValues":[24.879999160766602,36.959999084472656,41.379997253417969,37.020000457763672,27.979999542236328,27.879999160766602,34.759998321533203,29.299999237060547,26.559999465942383,33.700000762939453,51.979999542236328,61.259998321533203,26.69999885559082,31.35999870300293,43.959999084472656,32.520000457763672,36.439998626708984],"unitSymbol":"mm"},"totalTypingDuration":25.557886123657227,"planeChangeToAnyTap":{"distributionSampleValues":[0.34000000357627869],"unitSymbol":"s"},"totalEmojis":0,"sentimentMetrics":{"emojiCount":[7,0,4,0,0,0,5,0,1,0,9,0,6,0,3,0,8,0,2,0],"wordCount":[5,0,3,0,1,0,0,0,8,0,7,0,6,0,2,0,4,0,9,0]},"pathTypingSpeed":3.8092413787394728,"upErrorDistance":{"distributionSampleValues":[37.020000457763672,20.059999465942383,15.179999351501465,24.579999923706055,26.559999465942383,51.979999542236328,27.879999160766602,41.379997253417969,34.759998321533203,36.959999084472656,61.259998321533203,29.299999237060547,43.959999084472656,19.85999870300293,31.35999870300293,24.879999160766602,16.039999008178711,14.019999504089355,18.039999008178711,36.439998626708984,32.520000457763672,26.69999885559082,30.619998931884766,33.700000762939453,27.979999542236328],"unitSymbol":"mm"},"totalPaths":16,"longWordTouchDownDown":[],"spaceToCharKey":{"distributionSampleValues":[0.26999998092651367],"unitSymbol":"s"},"anyTapToCharKey":{"distributionSampleValues":[0.26999998092651367,1.1200000047683716,0.31999999284744263,0.38999998569488525,0.2199999988079071],"unitSymbol":"s"},"totalSubstitutionCorrections":0,"longWordUpErrorDistance":[],"totalInsertKeyCorrections":0,"totalNearKeyCorrections":1,"totalHitTestCorrections":0,"inputModes":["en_CA"],"shortWordCharKeyTouchDownUp":{"distributionSampleValues":[0.059999998658895493,0.049999997019767761,0.059999998658895493,0.059999998658895493,0.070000000298023224,0.039999999105930328],"unitSymbol":"s"},"touchDownUp":{"distributionSampleValues":[0.049999997019767761,0.059999998658895493,0.029999999329447746,0.059999998658895493,0.019999999552965164,0.049999997019767761,0.070000000298023224,0,0.049999997019767761,0.059999998658895493,0.070000000298023224,0.070000000298023224,0.059999998658895493,0.019999999552965164,0.019999999552965164,0.070000000298023224,0.059999998658895493,0.070000000298023224,0.039999999105930328,0.059999998658895493,0.070000000298023224,0.039999999105930328,0.029999999329447746,0.059999998658895493,0.029999999329447746],"unitSymbol":"s"},"totalRetroCorrections":0,"deleteToCharKey":{"distributionSampleValues":[1.1200000047683716],"unitSymbol":"s"},"totalTypingEpisodes":1,"touchDownDown":{"distributionSampleValues":[0.22999998927116394,1.1200000047683716,0.25999999046325684,0.31999999284744263,0.2199999988079071,0.26999998092651367,0.17000000178813934,0.38999998569488525],"unitSymbol":"s"},"totalPathPauses":0,"totalDrags":0,"height":{"value":34.45565165644107,"unit":{"converter":{"constant":0,"coefficient":0.001},"symbol":"mm"}},"spaceUpErrorDistance":{"distributionSampleValues":[37.020000457763672,32.520000457763672,24.879999160766602,51.979999542236328,29.299999237060547,27.979999542236328,36.959999084472656,26.559999465942383,33.700000762939453,61.259998321533203,34.759998321533203,26.69999885559082,43.959999084472656,31.35999870300293,27.879999160766602,36.439998626708984,41.379997253417969],"unitSymbol":"mm"},"shortWordCharKeyDownErrorDistance":{"distributionSampleValues":[30.619998931884766,20.059999465942383,19.85999870300293,24.579999923706055,15.179999351501465,18.039999008178711],"unitSymbol":"mm"},"deleteUpErrorDistance":{"distributionSampleValues":[14.019999504089355],"unitSymbol":"mm"},"keyboardIdentifier":"d381102c11bfc7b17341d776ad91174d8f943e12","totalDeletes":1,"totalPathTime":10.237630844116211,"totalAlteredWords":1,"deleteDownErrorDistance":{"distributionSampleValues":[14.019999504089355],"unitSymbol":"mm"},"pathToSpace":{"distributionSampleValues":[0.22999998927116394,0.25999999046325684],"unitSymbol":"s"},"longWordTouchDownUp":[],"pathToDelete":{"distributionSampleValues":[1.1499999761581421],"unitSymbol":"s"},"spaceToPath":{"distributionSampleValues":[0.26999998092651367,0.25999999046325684,0.2800000011920929,0.31999999284744263,0.25999999046325684,0.23999999463558197,0.26999998092651367,0.2199999988079071,0.25999999046325684,0.22999998927116394,0.74000000953674316,0.26999998092651367,0.25,0.23999999463558197,0.2199999988079071],"unitSymbol":"s"},"totalPauses":0,"deleteToDeletes":[],"typingSpeed":3.3880941368788347,"version":"v.1.0","spaceTouchDownUp":{"distributionSampleValues":[0.029999999329447746,0.049999997019767761,0.070000000298023224,0.070000000298023224,0.019999999552965164,0.070000000298023224,0.049999997019767761,0.029999999329447746,0.070000000298023224,0.019999999552965164,0.029999999329447746,0.070000000298023224,0.059999998658895493,0.039999999105930328,0.059999998658895493,0.019999999552965164,0.059999998658895493],"unitSymbol":"s"},"charKeyToSpaceKey":{"distributionSampleValues":[0.22999998927116394,0.25999999046325684],"unitSymbol":"s"},"totalSkipTouchCorrections":0,"shortWordCharKeyToCharKey":{"distributionSampleValues":[0.31999999284744263,0.38999998569488525,0.2199999988079071],"unitSymbol":"s"},"width":{"value":64.266415010634731,"unit":{"converter":{"constant":0,"coefficient":0.001},"symbol":"mm"}},"pathErrorDistanceRatio":[0.85550004243850708,0.98200005292892456,0.92700004577636719,0.94850003719329834,0.94300001859664917,0.73750001192092896,0.98650002479553223,0.81700003147125244,0.9645000696182251,0.97400003671646118,0.9580000638961792,0.9570000171661377,0.91150003671646118,0.83500003814697266,0.92500007152557373,0.95450001955032349],"totalPathLength":{"value":7436.328125,"unit":{"converter":{"constant":0,"coefficient":0.001},"symbol":"mm"}},"shortWordCharKeyUpErrorDistance":{"distributionSampleValues":[20.059999465942383,24.579999923706055,30.619998931884766,19.85999870300293,15.179999351501465,18.039999008178711],"unitSymbol":"mm"}},"timestamp":"2022-10-26T08:44:00-0400"},{"sample":{"totalWords":8,"deleteTouchDownUp":{"distributionSampleValues":[0,0,0,0],"unitSymbol":"s"},"totalTaps":40,"charKeyToAnyTapKey":{"distributionSampleValues":[0.070000000298023224,0.10999999940395355,0.17999999225139618,0.11999999731779099,0.099999994039535522,0.18999999761581421,0.19999998807907104,0.20999999344348907,0.37000000476837158,0.10999999940395355,0.17000000178813934,0.079999998211860657,0.10999999940395355],"unitSymbol":"s"},"totalAutoCorrections":0,"longWordDownErrorDistance":[],"deleteToSpaceKey":{"distributionSampleValues":[0.26999998092651367],"unitSymbol":"s"},"totalTranspositionCorrections":0,"totalSpaceCorrections":0,"spaceDownErrorDistance":{"distributionSampleValues":[59.199996948242188,59.399997711181641,35.919998168945312,37.040000915527344,41.180000305175781,65.540000915527344,53.219997406005859],"unitSymbol":"mm"},"totalTypingDuration":12,"planeChangeToAnyTap":{"distributionSampleValues":[0.22999998927116394,0.38999998569488525,0.4699999988079071],"unitSymbol":"s"},"totalEmojis":0,"sentimentMetrics":{"emojiCount":[1,0,0,0,8,0,9,0,2,0,6,0,4,0,3,0,5,0,7,0],"wordCount":[4,0,2,0,9,0,1,0,3,0,0,0,7,0,8,0,6,0,5,0]},"pathTypingSpeed":5.9092050638541034,