{"device":{"systemVersion":"16.0","systemName":"iOS","model":"iPhone","name":"iPhone"},"samples":[{"sample":{"totalWords":9,"deleteTouchDownUp":{"distributionSampleValues":[0],"unitSymbol":"s"},"totalTaps":11,"charKeyToAnyTapKey":{"distributionSampleValues":[0.17999999225139618,0.35999998450279236,0.23999999463558197,0.63999998569488525,0.22999998927116394,0.19999998807907104],"unitSymbol":"s"},"totalAutoCorrections":2,"longWordDownErrorDistance":[],"deleteToSpaceKey":{"distributionSampleValues":[0.26999998092651367],"unitSymbol":"s"},"totalTranspositionCorrections":0,"totalSpaceCorrections":0,"spaceDownErrorDistance":{"distributionSampleValues":[48.819999694824219,14.839999198913574,59.039997100830078,51.180000305175781],"unitSymbol":"mm"},"totalTypingDuration":7,"totalEmojis":0,"sentimentMetrics":{"emojiCount":[3,0,8,0,6,0,5,0,4,0,1,0,9,0,2,0,0,0,7,0],"wordCount":[4,0,3,0,7,0,5,0,6,0,1,0,2,0,8,0,0,0,9,0]},"pathTypingSpeed":7.3030308094575389,"upErrorDistance":{"distributionSampleValues":[59.039997100830078,14.839999198913574,51.180000305175781,48.819999694824219,48.819999694824219,10.679999351501465,15.920000076293945,24.100000381469727,15.059999465942383,23.979999542236328,20.19999885559082],"unitSymbol":"mm"},"totalPaths":5,"longWordTouchDownDown":[],"spaceToCharKey":{"distributionSampleValues":[0.26999998092651367],"unitSymbol":"s"},"anyTapToCharKey":{"distributionSampleValues":[0.63999998569488525,0.26999998092651367,0.5899999737739563,0.23999999463558197],"unitSymbol":"s"},"totalSubstitutionCorrections":0,"longWordUpErrorDistance":[],"totalInsertKeyCorrections":0,"charKeyToDelete":{"distributionSampleValues":[0.35999998450279236],"unitSymbol":"s"},"totalNearKeyCorrections":1,"totalHitTestCorrections":0,"inputModes":["en_CA"],"shortWordCharKeyTouchDownUp":{"distributionSampleValues":[0.08999999612569809,0.099999994039535522,0.070000000298023224,0.099999994039535522,0.070000000298023224,0.070000000298023224],"unitSymbol":"s"},"touchDownUp":{"distributionSampleValues":[0,0.070000000298023224,0.079999998211860657,0.099999994039535522,0.099999994039535522,0.070000000298023224,0.099999994039535522,0.08999999612569809,0.099999994039535522,0.099999994039535522,0.070000000298023224],"unitSymbol":"s"},"totalRetroCorrections":0,"totalTypingEpisodes":2,"touchDownDown":{"distributionSampleValues":[0.35999998450279236,0.26999998092651367,0.26999998092651367,0.17999999225139618,0.63999998569488525,0.19999998807907104,0.22999998927116394,0.23999999463558197],"unitSymbol":"s"},"totalPathPauses":0,"totalDrags":2,"height":{"value":34.45565165644107,"unit":{"converter":{"constant":0,"coefficient":0.001},"symbol":"mm"}},"spaceUpErrorDistance":{"distributionSampleValues":[59.039997100830078,48.819999694824219,51.180000305175781,14.839999198913574],"unitSymbol":"mm"},"shortWordCharKeyDownErrorDistance":{"distributionSampleValues":[21.299999237060547,22.059999465942383,24.100000381469727,20.19999885559082,10.139999389648438,2.5],"unitSymbol":"mm"},"deleteUpErrorDistance":{"distributionSampleValues":[15.059999465942383],"unitSymbol":"mm"},"keyboardIdentifier":"6910d631848a5abf889ffa81fb6095c98726f79","totalDeletes":1,"totalPathTime":2,"totalAlteredWords":0,"deleteDownErrorDistance":{"distributionSampleValues":[15.059999465942383],"unitSymbol":"mm"},"pathToSpace":{"distributionSampleValues":[0.22999998927116394,0.17999999225139618,0.19999998807907104],"unitSymbol":"s"},"longWordTouchDownUp":[],"typingSpeed":2.8067963724518625,"spaceToPath":{"distributionSampleValues":[0.20999999344348907,0.37999999523162842,0.93999999761581421],"unitSymbol":"s"},"totalPauses":0,"deleteToDeletes":[],"version":"v.1.0","spaceTouchDownUp":{"distributionSampleValues":[0.079999998211860657,0.099999994039535522,0.099999994039535522,0.099999994039535522],"unitSymbol":"s"},"charKeyToSpaceKey":{"distributionSampleValues":[0.22999998927116394,0.17999999225139618,0.19999998807907104],"unitSymbol":"s"},"pathToPath":{"distributionSampleValues":[0.10999999940395355,0.12999999523162842],"unitSymbol":"s"},"totalSkipTouchCorrections":0,"shortWordCharKeyToCharKey":{"distributionSampleValues":[0.63999998569488525,0.23999999463558197],"unitSymbol":"s"},"width":{"value":64.266415010634731,"unit":{"converter":{"constant":0,"coefficient":0.001},"symbol":"mm"}},"pathErrorDistanceRatio":[0.87200003862380981,0.94600003957748413,0.92900002002716064,0.90150004625320435,0.90150004625320435],"totalPathLength":{"value":2328,"unit":{"converter":{"constant":0,"coefficient":0.001},"symbol":"mm"}},"shortWordCharKeyUpErrorDistance":{"distributionSampleValues":[10.679999351501465,15.920000076293945,48.819999694824219,23.979999542236328,24.100000381469727,20.19999885559082],"unitSymbol":"mm"}},"timestamp":"2022-10-05T23:24:47-0400"}]}