{"device":{"systemVersion":"16.0","systemName":"iOS","model":"iPhone","name":"iPhone"},"samples":[{"sample":{"totalWords":9,"deleteTouchDownUp":{"distributionSampleValues":[0,0],"unitSymbol":"s"},"totalTaps":27,"charKeyToAnyTapKey":{"distributionSampleValues":[0.17000000178813934,0.17999999225139618,0.12999999523162842,0.19999998807907104,0.059999998658895493,2.6099998950958252,0.23999999463558197,0.12999999523162842,0.17999999225139618,0.099999994039535522,0.14999999105930328,0.17999999225139618,0.14999999105930328,0.17999999225139618,0.17000000178813934,0.079999998211860657,0.079999998211860657,0.059999998658895493,0.15999999642372131],"unitSymbol":"s"},"totalAutoCorrections":0,"longWordDownErrorDistance":[],"totalTranspositionCorrections":0,"totalSpaceCorrections":0,"spaceDownErrorDistance":{"distributionSampleValues":[46.180000305175781,87.739997863769531,54.05999755859375,73],"unitSymbol":"mm"},"totalTypingDuration":6,"totalEmojis":0,"sentimentMetrics":{"emojiCount":[3,0,9,0,5,0,6,0,7,0,1,0,0,0,4,0,2,0,8,0],"wordCount":[0,0,4,0,6,1,9,0,2,0,3,0,5,0,7,0,8,0,1,0]},"pathTypingSpeed":0,"upErrorDistance":{"distributionSampleValues":[24.019998550415039,12.939999580383301,15.039999961853027,28.539999008178711,5.3599996566772461,63.299999237060547,5.1399998664855957,87.739997863769531,4.9200000762939453,15,2.3399999141693115,13,11.420000076293945,10.179999351501465,11.239999771118164,18.779998779296875,18.119998931884766,77.580001831054688,66.779998779296875,8.2799997329711914,8.0399999618530273,10.519999504089355,15.339999198913574,15.920000076293945,12.199999809265137,15.279999732971191,13.5],"unitSymbol":"mm"},"totalPaths":0,"longWordTouchDownDown":[],"spaceToCharKey":{"distributionSampleValues":[0.17999999225139618,0.15999999642372131,0.31999999284744263,0.11999999731779099],"unitSymbol":"s"},"anyTapToCharKey":{"distributionSampleValues":[0.17999999225139618,0.31999999284744263,0.15999999642372131,0.17999999225139618,0.17000000178813934,0.12999999523162842,0.17999999225139618,0.17999999225139618,0.099999994039535522,0.059999998658895493,0.11999999731779099,0.079999998211860657,0.17000000178813934,0.12999999523162842,0.079999998211860657,0.37999999523162842,0.14999999105930328,0.15999999642372131,0.059999998658895493,0.19999998807907104],"unitSymbol":"s"},"totalSubstitutionCorrections":0,"longWordUpErrorDistance":[],"totalInsertKeyCorrections":0,"totalNearKeyCorrections":0,"totalHitTestCorrections":0,"inputModes":["en_CA"],"shortWordCharKeyTouchDownUp":{"distributionSampleValues":[0.079999998211860657,0.08999999612569809,0.070000000298023224,0,0.079999998211860657,0.08999999612569809,0.070000000298023224,0.099999994039535522,0.059999998658895493,0.08999999612569809,0.059999998658895493,0.08999999612569809,0.099999994039535522,0.079999998211860657,0.059999998658895493,0.079999998211860657,0.049999997019767761,0.059999998658895493,0.099999994039535522,0.099999994039535522,0.079999998211860657],"unitSymbol":"s"},"touchDownUp":{"distributionSampleValues":[0.079999998211860657,0.070000000298023224,0.099999994039535522,0.049999997019767761,0.059999998658895493,0.070000000298023224,0.049999997019767761,0.059999998658895493,0.099999994039535522,0,0.079999998211860657,0.079999998211860657,0.079999998211860657,0.059999998658895493,0.08999999612569809,0.099999994039535522,0.079999998211860657,0,0,0.08999999612569809,0.079999998211860657,0.099999994039535522,0.08999999612569809,0.029999999329447746,0.08999999612569809,0.059999998658895493,0.070000000298023224],"unitSymbol":"s"},"totalRetroCorrections":0,"deleteToCharKey":{"distributionSampleValues":[0.37999999523162842],"unitSymbol":"s"},"totalTypingEpisodes":2,"totalPathPauses":0,"touchDownDown":{"distributionSampleValues":[0.12999999523162842,0.17999999225139618,2.6099998950958252,0.15999999642372131,0.079999998211860657,0.17999999225139618,0.31999999284744263,0.14999999105930328,0.099999994039535522,0.059999998658895493,0.17000000178813934,0.17999999225139618,0.11999999731779099,0.19999998807907104,0.059999998658895493,0.14999999105930328,0.23999999463558197,0.17000000178813934,0.079999998211860657,0.12999999523162842,0.17999999225139618,0.17999999225139618,0.37999999523162842,0.15999999642372131,0.17000000178813934],"unitSymbol":"s"},"totalDrags":0,"height":{"value":34.45565165644107,"unit":{"converter":{"constant":0,"coefficient":0.001},"symbol":"mm"}},"spaceUpErrorDistance":{"distributionSampleValues":[66.779998779296875,63.299999237060547,87.739997863769531,77.580001831054688],"unitSymbol":"mm"},"shortWordCharKeyDownErrorDistance":{"distributionSampleValues":[4.9200000762939453,18.779998779296875,13,11.420000076293945,10.519999504089355,15.279999732971191,5.1399998664855957,15.339999198913574,13.5,15.039999961853027,15.920000076293945,24.019998550415039,8.2799997329711914,8.0399999618530273,5.3599996566772461,28.539999008178711,12.939999580383301,2.3399999141693115,12.199999809265137,7.8599996566772461,10.179999351501465],"unitSymbol":"mm"},"deleteUpErrorDistance":{"distributionSampleValues":[18.119998931884766,11.239999771118164],"unitSymbol":"mm"},"deleteToDelete":{"distributionSampleValues":[0.17000000178813934],"unitSymbol":"s"},"keyboardIdentifier":"52a95b64796a15ba9a8c7246158d13d589e341d1","totalDeletes":2,"totalPathTime":0,"totalAlteredWords":2,"deleteDownErrorDistance":{"distributionSampleValues":[18.119998931884766,11.239999771118164],"unitSymbol":"mm"},"pathToSpace":{"distributionSampleValues":[0.23999999463558197,2.6099998950958252,0.14999999105930328,0.17999999225139618],"unitSymbol":"s"},"longWordTouchDownUp":[],"typingSpeed":4.048947552000878,"totalPauses":0,"deleteToDeletes":[{"distributionSampleValues":[0.17000000178813934],"unitSymbol":"s"},{"distributionSampleValues":[]},{"distributionSampleValues":[]},{"distributionSampleValues":[]},{"distributionSampleValues":[]}],"version":"v.1.0","spaceTouchDownUp":{"distributionSampleValues":[0.049999997019767761,0.029999999329447746,0.070000000298023224,0.079999998211860657],"unitSymbol":"s"},"charKeyToSpaceKey":{"distributionSampleValues":[0.23999999463558197,2.6099998950958252,0.14999999105930328,0.17999999225139618],"unitSymbol":"s"},"totalSkipTouchCorrections":0,"shortWordCharKeyToCharKey":{"distributionSampleValues":[0.12999999523162842,0.059999998658895493,0.059999998658895493,0.17999999225139618,0.17000000178813934,0.17999999225139618,0.099999994039535522,0.079999998211860657,0.14999999105930328,0.12999999523162842,0.079999998211860657,0.17000000178813934,0.17999999225139618,0.15999999642372131,0.19999998807907104],"unitSymbol":"s"},"width":{"value":64.266415010634731,"unit":{"converter":{"constant":0,"coefficient":0.001},"symbol":"mm"}},"pathErrorDistanceRatio":[],"totalPathLength":{"value":0,"unit":{"converter":{"constant":0,"coefficient":0.001},"symbol":"mm"}},"shortWordCharKeyUpErrorDistance":{"distributionSampleValues":[15.279999732971191,13,12.199999809265137,12.939999580383301,15.039999961853027,11.420000076293945,18.779998779296875,10.519999504089355,13.5,5.1399998664855957,24.019998550415039,15.920000076293945,8.2799997329711914,5.3599996566772461,15,4.9200000762939453,10.179999351501465,15.339999198913574,28.539999008178711,2.3399999141693115,8.0399999618530273],"unitSymbol":"mm"}},"timestamp":"2022-11-01T22:25:17-0400"}]}