{"device":{"systemVersion":"15.4","systemName":"iOS","model":"iPhone","name":"iPhone"},"samples":[{"sample":{"totalWords":20,"deleteTouchDownUp":{"distributionSampleValues":[0.049999997019767761,0.029999999329447746,0.029999999329447746,0.049999997019767761],"unitSymbol":"s"},"totalTaps":24,"charKeyToAnyTapKey":{"distributionSampleValues":[0.44999998807907104,0.2800000011920929,0.17999999225139618,1.3799999952316284,0.47999998927116394,0.39999997615814209,0.32999998331069946,0.56999999284744263,0.25],"unitSymbol":"s"},"totalAutoCorrections":0,"longWordDownErrorDistance":[],"totalTranspositionCorrections":0,"totalSpaceCorrections":0,"totalTypingDuration":29,"planeChangeToAnyTap":{"distributionSampleValues":[0.64999997615814209],"unitSymbol":"s"},"totalEmojis":0,"sentimentMetrics":{"emojiCount":[1,0,5,0,8,0,4,0,6,0,3,0,9,0,7,0,2,0,0,0],"wordCount":[9,0,0,0,5,0,8,0,6,0,2,0,7,0,3,0,4,0,1,0]},"pathTypingSpeed":4.0641218362166169,"upErrorDistance":{"distributionSampleValues":[14.199999809265137,9.0799999237060547,18.559999465942383,6.4800000190734863,15.699999809265137,1.5799999237060547,3.3799998760223389,11.199999809265137,14.719999313354492,19,11.840000152587891,7.0999999046325684,26.779998779296875,3.8399999141693115,10.279999732971191,9.8999996185302734,8.2399997711181641,9.5399999618530273,1.2599999904632568,6.5399999618530273,6.2199997901916504],"unitSymbol":"mm"},"totalPaths":16,"longWordTouchDownDown":[],"charKeyToPrediction":{"distributionSampleValues":[0.56000000238418579],"unitSymbol":"s"},"anyTapToCharKey":{"distributionSampleValues":[0.32999998331069946,0.56999999284744263,0.17999999225139618,0.44999998807907104,1.8199999332427979,0.2199999988079071,0.39999997615814209,0.2800000011920929,0.37999999523162842,0.25,0.47999998927116394,1.3799999952316284],"unitSymbol":"s"},"totalSubstitutionCorrections":0,"longWordUpErrorDistance":[],"totalInsertKeyCorrections":0,"totalNearKeyCorrections":0,"totalHitTestCorrections":0,"inputModes":["en_CA"],"shortWordCharKeyTouchDownUp":{"distributionSampleValues":[0.049999997019767761,0.049999997019767761,0.099999994039535522,0.11999999731779099,0.099999994039535522,0.059999998658895493,0.079999998211860657,0.070000000298023224,0.070000000298023224,0.079999998211860657,0.099999994039535522,0.099999994039535522,0.079999998211860657,0.099999994039535522],"unitSymbol":"s"},"touchDownUp":{"distributionSampleValues":[0.029999999329447746,0.059999998658895493,0.049999997019767761,0.049999997019767761,0.049999997019767761,0.079999998211860657,0.099999994039535522,0.099999994039535522,0.070000000298023224,0.079999998211860657,0.070000000298023224,0.099999994039535522,0.099999994039535522,0.049999997019767761,0.079999998211860657,0.11999999731779099,0.070000000298023224,0.049999997019767761,0.049999997019767761,0.029999999329447746,0.099999994039535522],"unitSymbol":"s"},"totalRetroCorrections":0,"deleteToCharKey":{"distributionSampleValues":[0.37999999523162842,0.2199999988079071],"unitSymbol":"s"},"totalTypingEpisodes":5,"totalPathPauses":0,"touchDownDown":{"distributionSampleValues":[0.39999997615814209,0.56999999284744263,0.2199999988079071,0.32999998331069946,0.47999998927116394,0.37999999523162842,0.25,0.2800000011920929,0.44999998807907104,0.17999999225139618,1.3799999952316284],"unitSymbol":"s"},"totalDrags":0,"height":{"value":50.72208512780125,"unit":{"converter":{"constant":0,"coefficient":0.001},"symbol":"mm"}},"shortWordCharKeyDownErrorDistance":{"distributionSampleValues":[3.8399999141693115,1.5799999237060547,14.199999809265137,10.279999732971191,11.199999809265137,3.3799998760223389,9.8999996185302734,9.0799999237060547,7.0999999046325684,6.5399999618530273,18.559999465942383,6.4800000190734863,6.2199997901916504,1.2599999904632568],"unitSymbol":"mm"},"deleteUpErrorDistance":{"distributionSampleValues":[15.699999809265137,14.719999313354492,9.5399999618530273,11.840000152587891],"unitSymbol":"mm"},"keyboardIdentifier":"43e6cdad77849c4ea201b71a7ac2e7b11df5d25","totalDeletes":4,"totalPathTime":9,"totalAlteredWords":4,"deleteDownErrorDistance":{"distributionSampleValues":[11.840000152587891,15.699999809265137,14.719999313354492,9.5399999618530273],"unitSymbol":"mm"},"longWordTouchDownUp":[],"deleteToPath":{"distributionSampleValues":[1.1799999475479126,0.42999997735023499],"unitSymbol":"s"},"pathToDelete":{"distributionSampleValues":[0.25,0.89999997615814209,0.37000000476837158,0.64999997615814209],"unitSymbol":"s"},"typingSpeed":2.6010383507317076,"anyTapToPlaneChangeKey":{"distributionSampleValues":[0.31999999284744263],"unitSymbol":"s"},"deleteToDeletes":[],"totalPauses":0,"version":"v.1.0","pathToPath":{"distributionSampleValues":[0.88999998569488525,0.47999998927116394,1.75,0.19999998807907104,0.29999998211860657,0.22999998927116394,0.11999999731779099],"unitSymbol":"s"},"totalSkipTouchCorrections":0,"shortWordCharKeyToCharKey":{"distributionSampleValues":[0.44999998807907104,0.17999999225139618,0.32999998331069946,0.56999999284744263,0.47999998927116394,0.25,0.39999997615814209,1.3799999952316284,0.2800000011920929],"unitSymbol":"s"},"width":{"value":95.834354388933235,"unit":{"converter":{"constant":0,"coefficient":0.001},"symbol":"mm"}},"pathErrorDistanceRatio":[0.95550006628036499,0.98100006580352783,0.96350002288818359,0.96250003576278687,0.98350006341934204,0.98100006580352783,0.97000002861022949,0.96350002288818359,0.88550001382827759,0.97950005531311035,0.9645000696182251,0.97000002861022949,0.9645000696182251,0.95550006628036499,0.96050006151199341,0.98350006341934204],"totalPathLength":{"value":10343,"unit":{"converter":{"constant":0,"coefficient":0.001},"symbol":"mm"}},"shortWordCharKeyUpErrorDistance":{"distributionSampleValues":[14.199999809265137,1.5799999237060547,3.3799998760223389,6.5399999618530273,18.559999465942383,6.2199997901916504,1.2599999904632568,9.0799999237060547,3.8399999141693115,10.279999732971191,11.199999809265137,9.8999996185302734,6.4800000190734863,7.0999999046325684],"unitSymbol":"mm"}},"timestamp":"2022-10-09T00:19:00-0400"}]}