{"device":{"systemVersion":"16.0.2","systemName":"iOS","model":"iPhone","name":"iPhone"},"samples":[{"sample":{"totalWords":12,"deleteTouchDownUp":{"distributionSampleValues":[0,0,0,0,0,0,0],"unitSymbol":"s"},"totalTaps":56,"charKeyToAnyTapKey":{"distributionSampleValues":[0.079999998211860657,0.099999994039535522,0.12999999523162842,0.17999999225139618,0.08999999612569809,0.2199999988079071,0.14999999105930328,0.77999997138977051,0.17999999225139618,0.35999998450279236,0.19999998807907104,0.12999999523162842,0.11999999731779099,0.11999999731779099,0.15999999642372131,0.2199999988079071,0.17999999225139618,0.079999998211860657,0.22999998927116394,0.2199999988079071,0.2199999988079071,0.23999999463558197,0.14000000059604645,0.099999994039535522,0.17999999225139618,0.20999999344348907,0.079999998211860657,0.14999999105930328,0.11999999731779099,0.18999999761581421,0.12999999523162842,0.08999999612569809,0.11999999731779099,0.070000000298023224],"unitSymbol":"s"},"totalAutoCorrections":4,"longWordDownErrorDistance":[],"totalTranspositionCorrections":0,"totalSpaceCorrections":0,"spaceDownErrorDistance":{"distributionSampleValues":[72.159996032714844,97.040000915527344,95.799995422363281,89.220001220703125,78.199996948242188,87.759994506835938,95.319999694824219,100.41999816894531,89.239997863769531,96.579994201660156,93.339996337890625,84.459999084472656],"unitSymbol":"mm"},"totalTypingDuration":9.7946014404296875,"totalEmojis":1,"sentimentMetrics":{"emojiCount":[6,0,2,0,4,0,5,0,7,1,3,0,8,0,1,0,9,0,0,0],"wordCount":[2,0,8,0,6,0,5,0,1,0,7,0,4,0,0,0,9,0,3,0]},"pathTypingSpeed":0,"upErrorDistance":{"distributionSampleValues":[9.8999996185302734,10.859999656677246,25.719999313354492,97.040000915527344,11.09999942779541,26,7.4600000381469727,95.799995422363281,22.059999465942383,10.679999351501465,24.519998550415039,19.379999160766602,11.719999313354492,80.55999755859375,11.699999809265137,84.459999084472656,2,10.479999542236328,9.6999998092651367,93.339996337890625,11.09999942779541,87.759994506835938,96.5,15.079999923706055,78.199996948242188,89.220001220703125,8.6999998092651367,23.399999618530273,9.5399999618530273,7.679999828338623,6.559999942779541,12.439999580383301,7.5799999237060547,10.659999847412109,5.5399999618530273,24.100000381469727,20.779998779296875,13.039999961853027,96.579994201660156,89.239997863769531,8.619999885559082,16.69999885559082,36.139999389648438,4.5999999046325684,16.940000534057617,13.639999389648438,40.579998016357422,10.260000228881836,17.119998931884766,12.519999504089355,2.2000000476837158,100.41999816894531,13.09999942779541],"unitSymbol":"mm"},"totalPaths":0,"longWordTouchDownDown":[],"spaceToCharKey":{"distributionSampleValues":[0.2199999988079071,0.11999999731779099,0.11999999731779099,0.17999999225139618,0.37000000476837158,0.070000000298023224,0.20999999344348907,0.22999998927116394,12.769999504089355,0.22999998927116394],"unitSymbol":"s"},"anyTapToCharKey":{"distributionSampleValues":[0.2199999988079071,0.2199999988079071,0.08999999612569809,0.11999999731779099,0.070000000298023224,0.11999999731779099,0.079999998211860657,0.099999994039535522,0.31999999284744263,0.099999994039535522,0.17999999225139618,0.35999998450279236,0.22999998927116394,0.22999998927116394,0.17999999225139618,0.17999999225139618,0.2199999988079071,0.20999999344348907,0.17999999225139618,0.15999999642372131,0.2199999988079071,0.22999998927116394,0.079999998211860657,0.14000000059604645,0.2199999988079071,0.11999999731779099,0.12999999523162842,12.769999504089355,0.14999999105930328,0.37000000476837158,0.12999999523162842,0.20999999344348907,0.22999998927116394],"unitSymbol":"s"},"totalSubstitutionCorrections":0,"longWordUpErrorDistance":[],"totalInsertKeyCorrections":0,"charKeyToDelete":{"distributionSampleValues":[0.77999997138977051],"unitSymbol":"s"},"totalNearKeyCorrections":3,"totalHitTestCorrections":0,"inputModes":["en_CA"],"shortWordCharKeyTouchDownUp":{"distributionSampleValues":[0,0.070000000298023224,0.099999994039535522,0.079999998211860657,0.079999998211860657,0.059999998658895493,0.10999999940395355,0.099999994039535522,0.070000000298023224,0.079999998211860657,0.079999998211860657,0.08999999612569809,0.08999999612569809,0.070000000298023224,0.070000000298023224,0.079999998211860657,0.079999998211860657,0.08999999612569809,0.079999998211860657,0.070000000298023224,0,0.099999994039535522,0.079999998211860657,0.079999998211860657,0.099999994039535522,0.099999994039535522,0.11999999731779099,0.08999999612569809,0.079999998211860657,0.079999998211860657,0,0.059999998658895493,0.08999999612569809,0.070000000298023224],"unitSymbol":"s"},"touchDownUp":{"distributionSampleValues":[0.079999998211860657,0.070000000298023224,0,0.070000000298023224,0.099999994039535522,0.099999994039535522,0.099999994039535522,0.08999999612569809,0.070000000298023224,0.079999998211860657,0,0.070000000298023224,0.079999998211860657,0,0,0.099999994039535522,0,0.059999998658895493,0.099999994039535522,0.08999999612569809,0.079999998211860657,0.070000000298023224,0.08999999612569809,0.079999998211860657,0.10999999940395355,0.099999994039535522,0.079999998211860657,0.08999999612569809,0.10999999940395355,0.099999994039535522,0.11999999731779099,0.099999994039535522,0.08999999612569809,0.079999998211860657,0.079999998211860657,0,0,0.10999999940395355,0.079999998211860657,0.11999999731779099,0,0.079999998211860657,0,0.070000000298023224,0.079999998211860657,0.059999998658895493,0,0.079999998211860657,0.08999999612569809,0.099999994039535522,0.070000000298023224,0.070000000298023224,0],"unitSymbol":"s"},"totalRetroCorrections":0,"deleteToCharKey":{"distributionSampleValues":[0.31999999284744263,0.22999998927116394],"unitSymbol":"s"},"totalTypingEpisodes":3,"touchDownDown":{"distributionSampleValues":[0.19999998807907104,0.17000000178813934,0.11999999731779099,0.14999999105930328,0.079999998211860657,0.11999999731779099,0.11999999731779099,0.35999998450279236,0.77999997138977051,0.17999999225139618,0.070000000298023224,0.079999998211860657,0.08999999612569809,0.2199999988079071,0.12999999523162842,0.20999999344348907,0.51999998092651367,0.17999999225139618,0.17999999225139618,0.079999998211860657,0.14999999105930328,0.099999994039535522,0.22999998927116394,0.18999999761581421,0.2199999988079071,0.23999999463558197,0.11999999731779099,0.17000000178813934,12.769999504089355,0.12999999523162842,0.2199999988079071,0.12999999523162842,0.11999999731779099,0.15999999642372131,0.099999994039535522,0.31999999284744263,0.17999999225139618,0.2199999988079071,0.22999998927116394,0.22999998927116394,0.37000000476837158,0.17999999225139618,0.070000000298023224,0.22999998927116394,0.17999999225139618,0.17000000178813934,0.2199999988079071,0.20999999344348907,0.08999999612569809,0.20999999344348907,0.11999999731779099,0.14000000059604645],"unitSymbol":"s"},"totalPathPauses":0,"totalDrags":4,"height":{"value":36.103492907561588,"unit":{"converter":{"constant":0,"coefficient":0.001},"symbol":"mm"}},"spaceUpErrorDistance":{"distributionSampleValues":[95.799995422363281,89.239997863769531,96.579994201660156,96.5,100.41999816894531,89.220001220703125,97.040000915527344,87.759994506835938,84.459999084472656,93.339996337890625,78.199996948242188,80.55999755859375],"unitSymbol":"mm"},"shortWordCharKeyDownErrorDistance":{"distributionSampleValues":[11.09999942779541,11.09999942779541,16.69999885559082,11.719999313354492,42.680000305175781,2.2000000476837158,16.940000534057617,24.519998550415039,7.679999828338623,10.260000228881836,19.520000457763672,4.5999999046325684,40.579998016357422,19.379999160766602,9.5399999618530273,10.659999847412109,20.779998779296875,6.559999942779541,24.100000381469727,5.5399999618530273,23.399999618530273,13.039999961853027,26,8.619999885559082,7.4600000381469727,22.059999465942383,2,9.8999996185302734,10.679999351501465,12.519999504089355,12.439999580383301,13.639999389648438,8.6599998474121094,16.119998931884766],"unitSymbol":"mm"},