{"device":{"systemVersion":"16.0","systemName":"iOS","model":"iPhone","name":"iPhone"},"samples":[{"sample":{"totalWords":8,"deleteTouchDownUp":{"distributionSampleValues":[0,0,0,0,0,0],"unitSymbol":"s"},"totalTaps":40,"charKeyToAnyTapKey":{"distributionSampleValues":[0.19999998807907104,0.41999998688697815,0.08999999612569809,0.12999999523162842,0.11999999731779099,0.08999999612569809,0.10999999940395355,0.17999999225139618,0.099999994039535522,0.15999999642372131,0.17000000178813934,0.10999999940395355],"unitSymbol":"s"},"totalAutoCorrections":1,"longWordDownErrorDistance":[],"totalTranspositionCorrections":0,"totalSpaceCorrections":0,"spaceDownErrorDistance":{"distributionSampleValues":[43.299999237060547,37.319999694824219,41.599998474121094],"unitSymbol":"mm"},"totalTypingDuration":6,"planeChangeToAnyTap":{"distributionSampleValues":[0.2800000011920929],"unitSymbol":"s"},"totalEmojis":4,"sentimentMetrics":{"emojiCount":[5,0,7,0,9,0,4,0,0,0,1,0,3,0,2,0,8,0,6,0],"wordCount":[4,0,2,0,7,0,6,0,8,0,1,0,0,0,3,0,9,0,5,0]},"pathTypingSpeed":0,"upErrorDistance":{"distributionSampleValues":[4.0399999618530273,0.5,11.059999465942383,14.699999809265137,3.1599998474121094,18.340000152587891,10.019999504089355,43.299999237060547,21,7.0799999237060547,11.519999504089355,1,12.179999351501465,17.840000152587891,16.539999008178711,6.7999997138977051,9.3999996185302734,11.239999771118164,22.459999084472656,15,37.319999694824219,18.819999694824219,8.1999998092651367,4.5999999046325684,8.5199995040893555,41.599998474121094,2.059999942779541],"unitSymbol":"mm"},"totalPaths":0,"longWordTouchDownDown":[],"spaceToCharKey":{"distributionSampleValues":[0.20999999344348907],"unitSymbol":"s"},"anyTapToCharKey":{"distributionSampleValues":[0.19999998807907104,0.15999999642372131,0.099999994039535522,0.10999999940395355,0.41999998688697815,0.08999999612569809,0.12999999523162842,0.17999999225139618,0.20999999344348907,0.10999999940395355,0.17000000178813934],"unitSymbol":"s"},"totalSubstitutionCorrections":0,"longWordUpErrorDistance":[],"totalInsertKeyCorrections":1,"totalNearKeyCorrections":1,"totalHitTestCorrections":0,"inputModes":["en_CA"],"shortWordCharKeyTouchDownUp":{"distributionSampleValues":[0.079999998211860657,0.070000000298023224,0.099999994039535522,0.079999998211860657,0.079999998211860657,0.08999999612569809,0.029999999329447746,0.070000000298023224,0.059999998658895493,0.070000000298023224,0.070000000298023224,0.049999997019767761,0.070000000298023224,0.070000000298023224,0.070000000298023224],"unitSymbol":"s"},"touchDownUp":{"distributionSampleValues":[0,0.070000000298023224,0.029999999329447746,0.059999998658895493,0.049999997019767761,0.070000000298023224,0.08999999612569809,0.070000000298023224,0.059999998658895493,0.079999998211860657,0,0.08999999612569809,0.070000000298023224,0.049999997019767761,0,0.070000000298023224,0.079999998211860657,0.029999999329447746,0.070000000298023224,0,0.079999998211860657,0.070000000298023224,0.099999994039535522,0.070000000298023224,0.070000000298023224,0,0],"unitSymbol":"s"},"totalRetroCorrections":0,"totalTypingEpisodes":8,"touchDownDown":{"distributionSampleValues":[0.099999994039535522,0.19999998807907104,0.08999999612569809,0.20999999344348907,0.19999998807907104,0.11999999731779099,0.08999999612569809,0.17999999225139618,0.41999998688697815,0.10999999940395355,0.15999999642372131,0.12999999523162842,0.42999997735023499,0.11999999731779099,0.17999999225139618,0.10999999940395355,0.20999999344348907,0.17000000178813934],"unitSymbol":"s"},"totalPathPauses":0,"totalDrags":0,"height":{"value":33.814723418534165,"unit":{"converter":{"constant":0,"coefficient":0.001},"symbol":"mm"}},"charKeyToPlaneChangeKey":{"distributionSampleValues":[0.34999999403953552],"unitSymbol":"s"},"spaceUpErrorDistance":{"distributionSampleValues":[41.599998474121094,43.299999237060547,37.319999694824219],"unitSymbol":"mm"},"shortWordCharKeyDownErrorDistance":{"distributionSampleValues":[18.340000152587891,17.840000152587891,16.539999008178711,18.819999694824219,11.519999504089355,21,11.059999465942383,9.3999996185302734,1,22.459999084472656,14.699999809265137,7.0799999237060547,2.059999942779541,8.1999998092651367,15],"unitSymbol":"mm"},"deleteUpErrorDistance":{"distributionSampleValues":[8.5199995040893555,12.179999351501465,4.5999999046325684,6.7999997138977051,11.239999771118164,4.0399999618530273],"unitSymbol":"mm"},"deleteToDelete":{"distributionSampleValues":[0.20999999344348907,0.19999998807907104,0.17999999225139618,0.42999997735023499],"unitSymbol":"s"},"keyboardIdentifier":"4887ddc4eb21668970a13c53e419565bbceb9c57","totalDeletes":6,"totalPathTime":0,"totalAlteredWords":2,"deleteDownErrorDistance":{"distributionSampleValues":[8.5199995040893555,6.7999997138977051,4.5999999046325684,11.239999771118164,12.179999351501465,4.0399999618530273],"unitSymbol":"mm"},"pathToSpace":{"distributionSampleValues":[0.11999999731779099,0.08999999612569809],"unitSymbol":"s"},"longWordTouchDownUp":[],"typingSpeed":5.5814791286298204,"totalPauses":81,"anyTapToPlaneChangeKey":{"distributionSampleValues":[0.34999999403953552],"unitSymbol":"s"},"deleteToDeletes":[{"distributionSampleValues":[0.42999997735023499],"unitSymbol":"s"},{"distributionSampleValues":[0.19999998807907104],"unitSymbol":"s"},{"distributionSampleValues":[0.17999999225139618],"unitSymbol":"s"},{"distributionSampleValues":[0.20999999344348907],"unitSymbol":"s"},{"distributionSampleValues":[]}],"version":"v.1.0","spaceTouchDownUp":{"distributionSampleValues":[0.059999998658895493,0.070000000298023224,0.08999999612569809],"unitSymbol":"s"},"charKeyToSpaceKey":{"distributionSampleValues":[0.11999999731779099,0.08999999612569809],"unitSymbol":"s"},"totalSkipTouchCorrections":0,"shortWordCharKeyToCharKey":{"distributionSampleValues":[0.15999999642372131,0.12999999523162842,0.099999994039535522,0.17000000178813934,0.08999999612569809,0.10999999940395355,0.41999998688697815,0.19999998807907104,0.10999999940395355,0.17999999225139618],"unitSymbol":"s"},"width":{"value":63.889569592622159,"unit":{"converter":{"constant":0,"coefficient":0.001},"symbol":"mm"}},"pathErrorDistanceRatio":[],"totalPathLength":{"value":0,"unit":{"converter":{"constant":0,"coefficient":0.001},"symbol":"mm"}},"shortWordCharKeyUpErrorDistance":{"distributionSampleValues":[15,9.3999996185302734,18.819999694824219,21,11.059999465942383,1,7.0799999237060547,22.459999084472656,17.840000152587891,16.539999008178711,14.699999809265137,2.059999942779541,18.340000152587891,8.1999998092651367,11.519999504089355],"unitSymbol":"mm"}},"timestamp":"2022-10-22T19:13:26-0400"}]}